"2,412,000,000",-19.357,jamm,1524142660256
"2,412,000,000",-10.552,jamm,1524142660748
"2,412,000,000",-21.336,jamm,1524142660754
"2,412,000,000",-23.259,jamm,1524142660765
"2,412,000,000",-24.281,jamm,1524142661320
"2,412,000,000",-16.531,jamm,1524142661498
"2,412,000,000",-15.72,jamm,1524142661546
"2,412,000,000",-20.768,jamm,1524142661660
"2,412,000,000",-12.697,jamm,1524142661750
"2,412,000,000",-8.851,jamm,1524142661996
"2,412,000,000",-8.782,jamm,1524142662267
"2,412,000,000",-20.838,jamm,1524142662443
"2,412,000,000",-21.882,jamm,1524142662611
"2,412,000,000",-11.511,jamm,1524142662787
"2,412,000,000",-21.844,jamm,1524142662789
"2,412,000,000",-15.226,jamm,1524142662863
"2,412,000,000",-22.891,jamm,1524142663149
"2,412,000,000",-18.187,jamm,1524142663326
"2,412,000,000",-7.466,jamm,1524142663508
"2,412,000,000",-12.767,jamm,1524142663604
"2,412,000,000",-11.078,jamm,1524142663668
"2,412,000,000",-16.586,jamm,1524142663815
"2,412,000,000",-22.159,jamm,1524142664189
"2,412,000,000",-19.765,jamm,1524142664763
"2,412,000,000",-23.729,jamm,1524142664781
"2,412,000,000",-17.857,jamm,1524142664869
"2,412,000,000",-24.277,jamm,1524142664984
"2,412,000,000",-24.148,jamm,1524142664999
"2,412,000,000",-16.754,jamm,1524142665272
"2,412,000,000",-20.754,jamm,1524142665344
"2,412,000,000",-17.913,jamm,1524142665413
"2,412,000,000",-14.998,jamm,1524142665453
"2,412,000,000",-23.729,jamm,1524142665516
"2,412,000,000",-12.779,jamm,1524142665809
"2,412,000,000",-16.333,jamm,1524142666233
"2,412,000,000",-8.858,jamm,1524142666314
"2,412,000,000",-18.051,jamm,1524142666373
"2,412,000,000",-10.304,jamm,1524142666394
"2,412,000,000",-18.144,jamm,1524142666557
"2,412,000,000",-21.618,jamm,1524142666717
"2,412,000,000",-13.74,jamm,1524142667165
"2,412,000,000",-20.691,jamm,1524142667322
"2,412,000,000",-22.04,jamm,1524142667627
"2,412,000,000",-22.686,jamm,1524142667768
"2,412,000,000",-13.706,jamm,1524142667813
"2,412,000,000",-14.331,jamm,1524142667859
"2,412,000,000",-19.306,jamm,1524142668411
"2,412,000,000",-12.197,jamm,1524142668463
"2,412,000,000",-13.028,jamm,1524142668649
"2,412,000,000",-22.7,jamm,1524142668655
"2,412,000,000",-20.07,jamm,1524142668748
"2,412,000,000",-22.737,jamm,1524142668839
"2,412,000,000",-20.576,jamm,1524142669122
"2,412,000,000",-13.361,jamm,1524142669133
"2,412,000,000",-18.704,jamm,1524142669142
"2,412,000,000",-22.066,jamm,1524142669550
"2,412,000,000",-18.821,jamm,1524142669609
"2,412,000,000",-16.479,jamm,1524142669686
"2,412,000,000",-19.569,jamm,1524142670172
"2,412,000,000",-17.569,jamm,1524142670422
"2,412,000,000",-24.418,jamm,1524142670602
"2,412,000,000",-22.132,jamm,1524142670717
"2,412,000,000",-20.851,jamm,1524142670912
"2,412,000,000",-8.898,jamm,1524142670923
"2,462,000,000",-18.821,jamm,1524142671111
"2,462,000,000",-21.569,jamm,1524142671348
"2,462,000,000",-22.542,jamm,1524142671512
"2,462,000,000",-17.784,jamm,1524142671660
"2,462,000,000",-12.44,jamm,1524142671702
"2,462,000,000",-9.633,jamm,1524142671914
"2,462,000,000",-17.112,jamm,1524142672388
"2,462,000,000",-19.501,jamm,1524142672548
"2,462,000,000",-21.454,jamm,1524142672711
"2,462,000,000",-19.916,jamm,1524142672859
"2,462,000,000",-20.922,jamm,1524142672879
"2,462,000,000",-13.877,jamm,1524142672978
"2,462,000,000",-20.754,jamm,1524142673103
"2,462,000,000",-21.835,jamm,1524142673118
"2,462,000,000",-13.688,jamm,1524142673214
"2,462,000,000",-17.325,jamm,1524142673380
"2,462,000,000",-12.595,jamm,1524142673808
"2,462,000,000",-9.742,jamm,1524142673945
"2,462,000,000",-22.478,jamm,1524142674226
"2,462,000,000",-19.486,jamm,1524142674237
"2,462,000,000",-23.397,jamm,1524142674265
"2,462,000,000",-16.124,jamm,1524142674392
"2,462,000,000",-11.848,jamm,1524142674848
"2,462,000,000",-13.842,jamm,1524142674943
"2,462,000,000",-18.238,jamm,1524142675235
"2,462,000,000",-22.7,jamm,1524142675242
"2,462,000,000",-18.803,jamm,1524142675565
"2,462,000,000",-18.781,jamm,1524142675604
"2,462,000,000",-17.881,jamm,1524142675758
"2,462,000,000",-20.964,jamm,1524142675773
"2,462,000,000",-10.935,jamm,1524142676259
"2,462,000,000",-15.075,jamm,1524142676445
"2,462,000,000",-21.806,jamm,1524142676736
"2,462,000,000",-10.933,jamm,1524142676865
"2,462,000,000",-19.74,jamm,1524142676898
"2,462,000,000",-14.797,jamm,1524142676964
"2,462,000,000",-22.467,jamm,1524142677162
"2,462,000,000",-14.872,jamm,1524142677266
"2,462,000,000",-16.218,jamm,1524142677308
"2,462,000,000",-15.862,jamm,1524142677567
"2,462,000,000",-12.999,jamm,1524142677879
"2,462,000,000",-15.775,jamm,1524142677889
"2,462,000,000",-22.267,jamm,1524142678132
"2,462,000,000",-16.45,jamm,1524142678223
"2,462,000,000",-20.643,jamm,1524142678253
"2,462,000,000",-18.399,jamm,1524142678278
"2,462,000,000",-22.106,jamm,1524142678349
"2,462,000,000",-16.1,jamm,1524142678570
"2,462,000,000",-17.149,jamm,1524142690568
"2,462,000,000",-9.181,jamm,1524142690677
"2,462,000,000",-19.255,jamm,1524142690799
"2,462,000,000",-22.289,jamm,1524142690919
"2,462,000,000",-10.934,jamm,1524142690925
"2,462,000,000",-17.78,jamm,1524142690934
"2,462,000,000",-13.485,jamm,1524142691136
"2,462,000,000",-9.158,jamm,1524142691194
"2,462,000,000",-21.61,jamm,1524142691437
"2,462,000,000",-13.368,jamm,1524142691499
"2,462,000,000",-19.711,jamm,1524142691749
"2,462,000,000",-18.225,jamm,1524142691754
"2,462,000,000",-16.863,jamm,1524142692229
"2,462,000,000",-20.887,jamm,1524142692513
"2,462,000,000",-19.539,jamm,1524142692554
"2,462,000,000",-16.673,jamm,1524142692589
"2,462,000,000",-16.017,jamm,1524142692820
"2,462,000,000",-18.164,jamm,1524142692917
"2,462,000,000",-22.686,jamm,1524142693318
"2,462,000,000",-20.857,jamm,1524142693888
"2,462,000,000",-8.998,jamm,1524240632301
"2,462,000,000",-22.121,jamm,1524240632765
"2,462,000,000",-19.687,jamm,1524240632971
"2,462,000,000",-21.951,jamm,1524240633159
"2,462,000,000",-18.069,jamm,1524240633275
"2,462,000,000",-10.264,jamm,1524240633613
"2,462,000,000",-12.02,jamm,1524240633657
"2,462,000,000",-16.82,jamm,1524240633775
"2,462,000,000",-20.782,jamm,1524240633811
"2,462,000,000",-16.809,jamm,1524240634174
"2,462,000,000",-17.616,jamm,1524240634194
"2,462,000,000",-18.778,jamm,1524240634254
"2,462,000,000",-20.964,jamm,1524240634464
"2,462,000,000",-22.565,jamm,1524240634625
"2,462,000,000",-17.16,jamm,1524240634690
"2,462,000,000",-13.975,jamm,1524240635119
"2,462,000,000",-20.954,jamm,1524240635294
"2,462,000,000",-19.677,jamm,1524240635529
"2,462,000,000",-19.005,jamm,1524240635711
"2,462,000,000",-20.534,jamm,1524240635797
"2,462,000,000",-7.699,jamm,1524240635852
"2,462,000,000",-20.754,jamm,1524240636206
"2,462,000,000",-21.879,jamm,1524240636336
"2,462,000,000",-23.262,jamm,1524240636340
"2,462,000,000",-18.243,jamm,1524240636748
"2,462,000,000",-21.629,jamm,1524240636805
"2,462,000,000",-14.983,jamm,1524240636810
"2,462,000,000",-21.088,jamm,1524240637241
"2,462,000,000",-23.529,jamm,1524240637266
"2,462,000,000",-20.19,jamm,1524240637382
"2,462,000,000",-17.764,jamm,1524240637643
"2,462,000,000",-20.972,jamm,1524240637730
"2,462,000,000",-7.406,jamm,1524240637943
"2,462,000,000",-11.511,jamm,1524240638132
"2,462,000,000",-19.242,jamm,1524240638220
"2,462,000,000",-9.176,jamm,1524240638358
"2,462,000,000",-21.785,jamm,1524240638562
"2,462,000,000",-20.007,jamm,1524240638653
"2,462,000,000",-21.835,jamm,1524240638763
"2,462,000,000",-19.569,jamm,1524240639160
"2,462,000,000",-21.27,jamm,1524240639375
"2,462,000,000",-19.139,jamm,1524240639533
"2,462,000,000",-16.756,jamm,1524240639679
"2,462,000,000",-20.007,jamm,1524240639970
"2,462,000,000",-20.007,jamm,1524240639998
"2,462,000,000",-18.945,jamm,1524240640349
"2,462,000,000",-13.855,jamm,1524240640418
"2,462,000,000",-16.79,jamm,1524240640426
"2,462,000,000",-19.059,jamm,1524240640611
"2,462,000,000",-15.72,jamm,1524240640773
"2,462,000,000",-20.491,jamm,1524240640959
"2,462,000,000",-16.825,jamm,1524240641126
"2,462,000,000",-21.161,jamm,1524240641134
"2,462,000,000",-18.11,jamm,1524240641194
"2,462,000,000",-21.78,jamm,1524240641419
"2,462,000,000",-14.051,jamm,1524240641664
"2,462,000,000",-20.878,jamm,1524240641973
"2,462,000,000",-14.862,jamm,1524240642628
"2,462,000,000",-21.708,jamm,1524240642788
"2,462,000,000",-19.601,jamm,1524240642809
"2,462,000,000",-21.031,jamm,1524240642815
"2,462,000,000",-22.369,jamm,1524240642833
"2,462,000,000",-20.773,jamm,1524240642901
"2,462,000,000",-21.133,jamm,1524240643261
"2,462,000,000",-9.369,jamm,1524240643322
"2,462,000,000",-21.184,jamm,1524240643516
"2,462,000,000",-15.427,jamm,1524240643608
"2,462,000,000",-20.658,jamm,1524240643859
"2,462,000,000",-17.737,jamm,1524240643929
"2,462,000,000",-13.083,jamm,1524240644109
"2,462,000,000",-21.205,jamm,1524240644309
"2,462,000,000",-22.199,jamm,1524240644495
"2,462,000,000",-21.281,jamm,1524240644571
"2,462,000,000",-16.161,jamm,1524240644725
"2,462,000,000",-20.972,jamm,1524240644950
"2,441,000,000",-19.779,jamm,1524240645311
"2,441,000,000",-18.161,jamm,1524240645510
"2,441,000,000",-17.915,jamm,1524240645602
"2,441,000,000",-19.949,jamm,1524240645639
"2,441,000,000",-12.291,jamm,1524240645874
"2,441,000,000",-24.688,jamm,1524240645936
"2,441,000,000",-18.015,jamm,1524240646285
"2,441,000,000",-21.206,jamm,1524240646388
"2,441,000,000",-17.031,jamm,1524240646533
"2,441,000,000",-22.014,jamm,1524240646656
"2,441,000,000",-21.534,jamm,1524240646763
"2,441,000,000",-22.055,jamm,1524240646983
"2,441,000,000",-23.307,jamm,1524240647294
"2,441,000,000",-18.028,jamm,1524240647598
"2,441,000,000",-12.796,jamm,1524240647887
"2,441,000,000",-19.349,jamm,1524240647917
"2,441,000,000",-13.43,jamm,1524240647968
"2,441,000,000",-19.925,jamm,1524240647975
"2,441,000,000",-17.825,jamm,1524240648462
"2,441,000,000",-15.354,jamm,1524240648573
"2,441,000,000",-15.422,jamm,1524240648576
"2,441,000,000",-15.265,jamm,1524240648612
"2,441,000,000",-10.707,jamm,1524240648687
"2,441,000,000",-21.359,jamm,1524240648704
"2,441,000,000",-11.203,jamm,1524240649133
"2,441,000,000",-20.57,jamm,1524240649137
"2,441,000,000",-13.361,jamm,1524240649624
"2,441,000,000",-22.231,jamm,1524240649798
"2,441,000,000",-10.317,jamm,1524240649933
"2,441,000,000",-19.31,jamm,1524240649966
"2,441,000,000",-17.974,jamm,1524240650343
"2,441,000,000",-12.952,jamm,1524240650370
"2,441,000,000",-20.41,jamm,1524240650414
"2,441,000,000",-22.132,jamm,1524240650544
"2,441,000,000",-13.959,jamm,1524240650605
"2,441,000,000",-21.331,jamm,1524240650690
"2,441,000,000",-13.539,jamm,1524240651128
"2,441,000,000",-21.92,jamm,1524240651473
"2,441,000,000",-18.187,jamm,1524240651480
"2,441,000,000",-20.524,jamm,1524240651623
"2,441,000,000",-23.085,jamm,1524240651967
"2,441,000,000",-20.21,jamm,1524240651972
"2,441,000,000",-14.084,jamm,1524240652353
"2,441,000,000",-22.899,jamm,1524240652504
"2,441,000,000",-20.41,jamm,1524240652567
"2,441,000,000",-8.934,jamm,1524240652605
"2,441,000,000",-20.829,jamm,1524240652693
"2,441,000,000",-13.471,jamm,1524240652817
"2,441,000,000",-17.524,jamm,1524240653116
"2,441,000,000",-17.71,jamm,1524240653354
"2,441,000,000",-15.318,jamm,1524240653414
"2,441,000,000",-19.252,jamm,1524240653600
"2,441,000,000",-19.18,jamm,1524240653885
"2,441,000,000",-18.778,jamm,1524240653944
"2,441,000,000",-18.34,jamm,1524240654340
"2,441,000,000",-17.845,jamm,1524240654430
"2,441,000,000",-13.878,jamm,1524240654441
"2,441,000,000",-20.622,jamm,1524240654518
"2,441,000,000",-17.432,jamm,1524240654871
"2,441,000,000",-22.505,jamm,1524240654920
"2,441,000,000",-17.555,jamm,1524240655257
"2,441,000,000",-22.282,jamm,1524240655283
"2,441,000,000",-13.984,jamm,1524240655332
"2,441,000,000",-22.164,jamm,1524240655357
"2,441,000,000",-21.911,jamm,1524240655508
"2,441,000,000",-12.592,jamm,1524240655783
"2,441,000,000",-10.639,jamm,1524240656250
"2,441,000,000",-18.489,jamm,1524240656560
"2,441,000,000",-14.497,jamm,1524240656609
"2,441,000,000",-19.463,jamm,1524240656793
"2,441,000,000",-13.229,jamm,1524240656815
"2,441,000,000",-15.181,jamm,1524240656950
"2,441,000,000",-13.26,jamm,1524240657287
"2,441,000,000",-21.806,jamm,1524240657590
"2,441,000,000",-13.101,jamm,1524240657707
"2,441,000,000",-22.373,jamm,1524240657711
"2,441,000,000",-20.809,jamm,1524240657885
"2,441,000,000",-17.58,jamm,1524240657898
"2,441,000,000",-11.963,jamm,1524240658109
"2,441,000,000",-21.325,jamm,1524240658443
"2,441,000,000",-20.643,jamm,1524240658455
"2,441,000,000",-19.141,jamm,1524240658593
"2,441,000,000",-15.458,jamm,1524240658646
"2,441,000,000",-15.812,jamm,1524240658772
"2,441,000,000",-17.299,jamm,1524240670412
"2,441,000,000",-24.418,jamm,1524240670458
"2,441,000,000",-20.375,jamm,1524240670680
"2,441,000,000",-15.075,jamm,1524240670757
"2,441,000,000",-22.28,jamm,1524240670970
"2,441,000,000",-19.894,jamm,1524240670973
"2,441,000,000",-20.066,jamm,1524240671235
"2,441,000,000",-22.565,jamm,1524240671539
"2,441,000,000",-19.134,jamm,1524240671591
"2,441,000,000",-18.618,jamm,1524240671655
"2,441,000,000",-22.537,jamm,1524240671684
"2,441,000,000",-22.553,jamm,1524240671839
"2,441,000,000",-20.152,jamm,1524240672146
"2,441,000,000",-10.264,jamm,1524240672427
"2,441,000,000",-12.586,jamm,1524240672455
"2,441,000,000",-21.205,jamm,1524240672601
"2,441,000,000",-15.836,jamm,1524240672808
"2,441,000,000",-19.351,jamm,1524240672835
"2,441,000,000",-13.792,jamm,1524240673186
"2,441,000,000",-9.422,jamm,1524240673191
"2,441,000,000",-17.86,jamm,1524240673446
"2,441,000,000",-18.555,jamm,1524240673685
"2,441,000,000",-16.838,jamm,1524240673708
"2,441,000,000",-16.24,jamm,1524240673753
"2,441,000,000",-18.547,jamm,1524240674254
"2,441,000,000",-18.398,jamm,1524240674341
"2,441,000,000",-14.503,jamm,1524240674503
"2,441,000,000",-18.999,jamm,1524240674688
"2,441,000,000",-12.721,jamm,1524240674833
"2,441,000,000",-22.778,jamm,1524240674919
"2,441,000,000",-12.636,jamm,1524240675193
"2,441,000,000",-21.472,jamm,1524240675293
"2,441,000,000",-18.208,jamm,1524240675379
"2,441,000,000",-17.827,jamm,1524240675523
"2,441,000,000",-18.457,jamm,1524240675579
"2,441,000,000",-13.368,jamm,1524240675749
"2,441,000,000",-21.083,jamm,1524240676109
"2,441,000,000",-22.298,jamm,1524240676227
"2,441,000,000",-20.854,jamm,1524240676227
"2,441,000,000",-22.899,jamm,1524240676653
"2,441,000,000",-21.404,jamm,1524240676756
"2,441,000,000",-9.149,jamm,1524240676792
"2,441,000,000",-10.902,jamm,1524240677106
"2,441,000,000",-22.036,jamm,1524240677235
"2,441,000,000",-17.793,jamm,1524240677394
"2,441,000,000",-18.73,jamm,1524240677602
"2,441,000,000",-19.77,jamm,1524240677874
"2,441,000,000",-13.256,jamm,1524240677894
"2,462,000,000",-17.228,jamm,1524240678146
"2,462,000,000",-12.019,jamm,1524240678432
"2,462,000,000",-17.799,jamm,1524240678630
"2,462,000,000",-23.296,jamm,1524240678767
"2,462,000,000",-15.075,jamm,1524240678772
"2,462,000,000",-17.292,jamm,1524240678907
"2,462,000,000",-17.664,jamm,1524240679115
"2,462,000,000",-16.413,jamm,1524240679417
"2,462,000,000",-17.185,jamm,1524240679488
"2,462,000,000",-22.988,jamm,1524240679500
"2,462,000,000",-21.564,jamm,1524240679856
"2,462,000,000",-19.601,jamm,1524240679896
"2,462,000,000",-19.934,jamm,1524240680131
"2,462,000,000",-21.408,jamm,1524240680231
"2,462,000,000",-17.848,jamm,1524240680393
"2,462,000,000",-18.018,jamm,1524240680573
"2,462,000,000",-13.391,jamm,1524240680986
"2,462,000,000",-20.697,jamm,1524240680990
"2,462,000,000",-22.001,jamm,1524240681313
"2,462,000,000",-19.569,jamm,1524240681469
"2,462,000,000",-17.44,jamm,1524240681616
"2,462,000,000",-21.904,jamm,1524240681672
"2,462,000,000",-21.801,jamm,1524240681768
"2,462,000,000",-18.312,jamm,1524240681805
"2,462,000,000",-21.512,jamm,1524240682113
"2,462,000,000",-18.781,jamm,1524240682388
"2,462,000,000",-19.65,jamm,1524240682653
"2,462,000,000",-22.489,jamm,1524240682657
"2,462,000,000",-22.778,jamm,1524308270297
"2,462,000,000",-18.311,jamm,1524308270510
"2,462,000,000",-16.611,jamm,1524308270640
"2,462,000,000",-14.493,jamm,1524308271332
"2,462,000,000",-18.551,jamm,1524308271419
"2,462,000,000",-13.386,jamm,1524308271571
"2,462,000,000",-14.074,jamm,1524308271633
"2,462,000,000",-17.196,jamm,1524308271817
"2,462,000,000",-19.81,jamm,1524308271830
"2,462,000,000",-21.331,jamm,1524308272291
"2,462,000,000",-9.182,jamm,1524308272561
"2,462,000,000",-23.945,jamm,1524308272649
"2,462,000,000",-17.023,jamm,1524308272667
"2,462,000,000",-23.881,jamm,1524308272735
"2,462,000,000",-23.799,jamm,1524308272923
"2,462,000,000",-20.732,jamm,1524308273167
"2,462,000,000",-19.69,jamm,1524308273231
"2,462,000,000",-21.658,jamm,1524308273426
"2,462,000,000",-13.031,jamm,1524308273638
"2,462,000,000",-12.73,jamm,1524308273829
"2,462,000,000",-20.533,jamm,1524308273950
"2,462,000,000",-15.646,jamm,1524308274160
"2,462,000,000",-24.188,jamm,1524308274646
"2,462,000,000",-16.739,jamm,1524308274741
"2,462,000,000",-12.53,jamm,1524308274747
"2,462,000,000",-20.791,jamm,1524308274839
"2,462,000,000",-19.533,jamm,1524308274871
"2,462,000,000",-21.001,jamm,1524308275215
"2,462,000,000",-16.403,jamm,1524308275380
"2,462,000,000",-20.952,jamm,1524308275587
"2,462,000,000",-14.503,jamm,1524308275725
"2,462,000,000",-14.429,jamm,1524308275739
"2,462,000,000",-19.126,jamm,1524308275806
"2,462,000,000",-18.586,jamm,1524308276229
"2,462,000,000",-7.671,jamm,1524308276555
"2,462,000,000",-17.195,jamm,1524308276565
"2,462,000,000",-21.132,jamm,1524308276679
"2,462,000,000",-22.237,jamm,1524308276705
"2,462,000,000",-17.798,jamm,1524308276815
"2,462,000,000",-18.494,jamm,1524308277230
"2,462,000,000",-12.654,jamm,1524308277435
"2,462,000,000",-24.931,jamm,1524308277476
"2,462,000,000",-22.475,jamm,1524308277485
"2,462,000,000",-15.788,jamm,1524308277663
"2,462,000,000",-20.526,jamm,1524308277743
"2,462,000,000",-19.147,jamm,1524308278251
"2,462,000,000",-18.494,jamm,1524308278390
"2,462,000,000",-22.59,jamm,1524308278426
"2,462,000,000",-23.431,jamm,1524308278515
"2,462,000,000",-19.413,jamm,1524308278626
"2,462,000,000",-13.085,jamm,1524308278956
"2,462,000,000",-16.333,jamm,1524308290100
"2,462,000,000",-12.9,jamm,1524308290160
"2,462,000,000",-11.194,jamm,1524308290651
"2,462,000,000",-12.44,jamm,1524308290708
"2,462,000,000",-18.317,jamm,1524308290943
"2,462,000,000",-20.935,jamm,1524308290982
"2,462,000,000",-17.543,jamm,1524308291109
"2,462,000,000",-20.066,jamm,1524308291245
"2,462,000,000",-19.524,jamm,1524308291363
"2,462,000,000",-17.185,jamm,1524308291437
"2,462,000,000",-22.014,jamm,1524308291798
"2,462,000,000",-17.243,jamm,1524308291962
"2,462,000,000",-20.359,jamm,1524308292157
"2,462,000,000",-24.708,jamm,1524308292257
"2,462,000,000",-20.73,jamm,1524308292423
"2,462,000,000",-21.904,jamm,1524308292668
"2,462,000,000",-14.037,jamm,1524308292865
"2,462,000,000",-21.1,jamm,1524308292975
"2,462,000,000",-19.774,jamm,1524308293178
"2,462,000,000",-22.542,jamm,1524308293295
"2,462,000,000",-17.019,jamm,1524308293295
"2,462,000,000",-21.39,jamm,1524308293522
"2,462,000,000",-12.796,jamm,1524308293847
"2,462,000,000",-24.478,jamm,1524308293937
"2,462,000,000",-15.125,jamm,1524308294500
"2,462,000,000",-19.607,jamm,1524308294511
"2,462,000,000",-9.372,jamm,1524308294754
"2,462,000,000",-16.3,jamm,1524308294793
"2,462,000,000",-16.433,jamm,1524308294800
"2,462,000,000",-8.889,jamm,1524308294815
"2,462,000,000",-9.633,jamm,1524308295393
"2,462,000,000",-15.862,jamm,1524308295655
"2,462,000,000",-20.525,jamm,1524308295680
"2,462,000,000",-23.469,jamm,1524308295806
"2,462,000,000",-16.251,jamm,1524308295818
"2,462,000,000",-19.29,jamm,1524308295996
"2,462,000,000",-22.686,jamm,1524308296177
"2,462,000,000",-22.438,jamm,1524308296636
"2,462,000,000",-17.323,jamm,1524308296744
"2,462,000,000",-22.329,jamm,1524308296759
"2,462,000,000",-17.917,jamm,1524308296773
"2,462,000,000",-19.601,jamm,1524308296937
"2,462,000,000",-17.977,jamm,1524308297459
"2,462,000,000",-18.785,jamm,1524308297590
"2,462,000,000",-21.778,jamm,1524308297692
"2,462,000,000",-24.931,jamm,1524308297729
"2,462,000,000",-18.655,jamm,1524308297763
"2,462,000,000",-23.673,jamm,1524308297979
"2,462,000,000",-15.783,jamm,1524308298102
"2,462,000,000",-14.34,jamm,1524308298458
"2,462,000,000",-20.614,jamm,1524308298641
"2,462,000,000",-18.816,jamm,1524308298679
"2,462,000,000",-19.77,jamm,1524308298930
"2,462,000,000",-21.037,jamm,1524308298974
"2,462,000,000",-8.938,jamm,1524308299149
"2,462,000,000",-14.788,jamm,1524308299279
"2,462,000,000",-22.423,jamm,1524308299469
"2,462,000,000",-20.366,jamm,1524308299557
"2,462,000,000",-14.202,jamm,1524308299596
"2,462,000,000",-21.409,jamm,1524308299681
"2,462,000,000",-17.706,jamm,1524308300203
"2,462,000,000",-16.414,jamm,1524308300266
"2,462,000,000",-24.9,jamm,1524308300668
"2,462,000,000",-20.77,jamm,1524308300719
"2,462,000,000",-22.743,jamm,1524308300806
"2,462,000,000",-18.599,jamm,1524308300862
"2,462,000,000",-21.904,jamm,1524308301208
"2,462,000,000",-11.848,jamm,1524308301517
"2,462,000,000",-8.792,jamm,1524308301805
"2,462,000,000",-14.917,jamm,1524308301835
"2,462,000,000",-18.627,jamm,1524308301978
"2,462,000,000",-10.106,jamm,1524308301986
"2,462,000,000",-18.778,jamm,1524308302205
"2,462,000,000",-22.227,jamm,1524308302255
"2,462,000,000",-21.91,jamm,1524308302398
"2,438,000,000",-15.011,jamm,1524308302492
"2,438,000,000",-9.705,jamm,1524308302557
"2,438,000,000",-14.872,jamm,1524308302926
"2,438,000,000",-20.622,jamm,1524308303115
"2,438,000,000",-15.401,jamm,1524308303122
"2,438,000,000",-14.149,jamm,1524308303386
"2,438,000,000",-16.401,jamm,1524308303615
"2,438,000,000",-24.708,jamm,1524308303623
"2,438,000,000",-20.745,jamm,1524308303828
"2,438,000,000",-13.606,jamm,1524308304159
"2,438,000,000",-17.764,jamm,1524308304391
"2,438,000,000",-21.126,jamm,1524308304542
"2,438,000,000",-21.282,jamm,1524308304690
"2,438,000,000",-18.504,jamm,1524308304704
"2,438,000,000",-20.524,jamm,1524308304724
"2,438,000,000",-21.534,jamm,1524308305614
"2,438,000,000",-17.696,jamm,1524308305622
"2,438,000,000",-21.178,jamm,1524308305726
"2,438,000,000",-13.13,jamm,1524308305951
"2,438,000,000",-18.995,jamm,1524308305979
"2,438,000,000",-20.581,jamm,1524308305994
"2,438,000,000",-21.454,jamm,1524308306179
"2,438,000,000",-18.476,jamm,1524308306183
"2,438,000,000",-20.185,jamm,1524308306183
"2,438,000,000",-12.721,jamm,1524308306696
"2,438,000,000",-19.231,jamm,1524308306780
"2,438,000,000",-22.743,jamm,1524308306935
"2,438,000,000",-13.349,jamm,1524308307175
"2,438,000,000",-21.067,jamm,1524308307224
"2,438,000,000",-15.193,jamm,1524308307313
"2,438,000,000",-19.323,jamm,1524308307402
"2,438,000,000",-22.842,jamm,1524308307639
"2,438,000,000",-21.636,jamm,1524308307835
"2,438,000,000",-20.06,jamm,1524308308198
"2,438,000,000",-16.925,jamm,1524308308256
"2,438,000,000",-17.628,jamm,1524308308276
"2,438,000,000",-16.317,jamm,1524308308416
"2,438,000,000",-8.874,jamm,1524308308436
"2,438,000,000",-20.016,jamm,1524308308906
"2,438,000,000",-18.078,jamm,1524308309266
"2,438,000,000",-23.799,jamm,1524308309302
"2,438,000,000",-23.668,jamm,1524308309632
"2,438,000,000",-8.955,jamm,1524308309721
"2,438,000,000",-22.245,jamm,1524308309794
"2,438,000,000",-22.262,jamm,1524308309816
"2,438,000,000",-21.966,jamm,1524308310161
"2,438,000,000",-17.764,jamm,1524308310162
"2,438,000,000",-21.681,jamm,1524308310181
"2,438,000,000",-10.335,jamm,1524308310441
"2,438,000,000",-10.219,jamm,1524308310671
"2,438,000,000",-15.083,jamm,1524308310768
"2,438,000,000",-13.415,jamm,1524308311109
"2,438,000,000",-18.811,jamm,1524308311554
"2,438,000,000",-21.773,jamm,1524308311627
"2,438,000,000",-22.199,jamm,1524308311920
"2,438,000,000",-22.174,jamm,1524308311958
"2,438,000,000",-19.371,jamm,1524308311990
"2,438,000,000",-9.061,jamm,1524308312286
"2,438,000,000",-18.089,jamm,1524308312364
"2,438,000,000",-17.92,jamm,1524308312729
"2,438,000,000",-18.153,jamm,1524308312742
"2,438,000,000",-19.815,jamm,1524308312835
"2,438,000,000",-19.733,jamm,1524308312870
"2,438,000,000",-16.429,jamm,1524308313114
"2,438,000,000",-17.139,jamm,1524308313115
"2,438,000,000",-12.79,jamm,1524308313249
"2,438,000,000",-18.877,jamm,1524308313575
"2,438,000,000",-22.047,jamm,1524308313607
"2,438,000,000",-18.453,jamm,1524308313911
"2,438,000,000",-17.977,jamm,1524308314105
"2,438,000,000",-24.888,jamm,1524308314377
"2,438,000,000",-18.291,jamm,1524308314439
"2,438,000,000",-11.728,jamm,1524308314639
"2,438,000,000",-21.086,jamm,1524308314642
"2,438,000,000",-9.045,jamm,1524308314991
"2,438,000,000",-20.377,jamm,1524308315140
"2,438,000,000",-24.646,jamm,1524308315219
"2,438,000,000",-16.543,jamm,1524308315226
"2,438,000,000",-21.564,jamm,1524308315239
"2,438,000,000",-20.938,jamm,1524308315262
"2,438,000,000",-20.829,jamm,1524308315871
"2,438,000,000",-24.857,jamm,1524308316161
"2,438,000,000",-7.858,jamm,1524308316419
"2,438,000,000",-18.823,jamm,1524308316747
"2,438,000,000",-19.882,jamm,1524308316753
"2,438,000,000",-20.41,jamm,1524308316803
"2,438,000,000",-14.655,jamm,1524308316888
"2,438,000,000",-18.781,jamm,1524308317183
"2,438,000,000",-13.081,jamm,1524308317336
"2,438,000,000",-17.93,jamm,1524308317417
"2,438,000,000",-17.845,jamm,1524308317561
"2,438,000,000",-17.706,jamm,1524308317685
"2,438,000,000",-14.968,jamm,1524308317998
"2,438,000,000",-17.695,jamm,1524308318123
"2,438,000,000",-17.949,jamm,1524308318283
"2,438,000,000",-13.135,jamm,1524308318746
"2,438,000,000",-22.022,jamm,1524308318766
"2,438,000,000",-24.684,jamm,1524308318967
"2,438,000,000",-19.719,jamm,1524308318993
"2,438,000,000",-17.051,jamm,1524308319326
"2,438,000,000",-18.297,jamm,1524308319398
"2,438,000,000",-17.755,jamm,1524308319408
"2,438,000,000",-13.235,jamm,1524308319414
"2,438,000,000",-21.522,jamm,1524308319799
"2,438,000,000",-24.688,jamm,1524308319954
"2,438,000,000",-23.673,jamm,1524308320234
"2,438,000,000",-12.602,jamm,1524308320300
"2,438,000,000",-19.401,jamm,1524308320488
"2,438,000,000",-19.28,jamm,1524308320606
"2,438,000,000",-15.862,jamm,1524308320788
"2,438,000,000",-19.064,jamm,1524308320828
"2,438,000,000",-17.358,jamm,1524308321239
"2,438,000,000",-20.936,jamm,1524308321378
"2,438,000,000",-18.321,jamm,1524308321568
"2,438,000,000",-21.697,jamm,1524308321656
"2,438,000,000",-9.106,jamm,1524308321718
"2,438,000,000",-17.632,jamm,1524308321766
"2,438,000,000",-16.11,jamm,1524308322160
"2,438,000,000",-18.062,jamm,1524308322423
"2,438,000,000",-23.521,jamm,1524308322522
"2,438,000,000",-24.615,jamm,1524308322532
"2,438,000,000",-15.783,jamm,1524308322786
"2,438,000,000",-15.032,jamm,1524308322922
"2,438,000,000",-19.902,jamm,1524308323226
"2,438,000,000",-18.531,jamm,1524308323389
"2,438,000,000",-19.999,jamm,1524308323454
"2,438,000,000",-24.793,jamm,1524308323467
"2,438,000,000",-17.185,jamm,1524308323535
"2,438,000,000",-21.349,jamm,1524308323933
"2,438,000,000",-10.559,jamm,1524308324108
"2,438,000,000",-7.684,jamm,1524308324280
"2,438,000,000",-15.775,jamm,1524308324431
"2,428,000,000",-21.005,jamm,1524308324801
"2,428,000,000",-13.014,jamm,1524308324859
"2,428,000,000",-17.147,jamm,1524308324969
"2,428,000,000",-17.955,jamm,1524308325103
"2,428,000,000",-14.93,jamm,1524308325153
"2,428,000,000",-19.029,jamm,1524308325329
"2,428,000,000",-22.174,jamm,1524308325783
"2,428,000,000",-21.729,jamm,1524308325924
"2,428,000,000",-18.547,jamm,1524308325955
"2,428,000,000",-22.128,jamm,1524308326159
"2,428,000,000",-23.365,jamm,1524308326544
"2,428,000,000",-21.24,jamm,1524308326578
"2,428,000,000",-10.552,jamm,1524308326623
"2,428,000,000",-21.721,jamm,1524308326719
"2,428,000,000",-9.991,jamm,1524308326978
"2,428,000,000",-21.083,jamm,1524308327855
"2,428,000,000",-16.277,jamm,1524367692000
"2,428,000,000",-14.531,jamm,1524410892298
"2,428,000,000",-21.331,jamm,1524410892453
"2,428,000,000",-19.478,jamm,1524410892729
"2,428,000,000",-20.792,jamm,1524410892788
"2,428,000,000",-23.431,jamm,1524410892973
"2,428,000,000",-21.172,jamm,1524410893111
"2,428,000,000",-18.705,jamm,1524410893118
"2,428,000,000",-20.313,jamm,1524410893325
"2,428,000,000",-20.942,jamm,1524410893426
"2,428,000,000",-21.528,jamm,1524410893601
"2,428,000,000",-21.029,jamm,1524410893660
"2,428,000,000",-17.831,jamm,1524410894215
"2,428,000,000",-13.977,jamm,1524410894232
"2,428,000,000",-21.478,jamm,1524410894308
"2,428,000,000",-18.114,jamm,1524410894426
"2,428,000,000",-18.154,jamm,1524410894535
"2,428,000,000",-22.59,jamm,1524410894609
"2,428,000,000",-17.718,jamm,1524410895181
"2,428,000,000",-19.167,jamm,1524410895326
"2,428,000,000",-14.232,jamm,1524410895394
"2,428,000,000",-18.237,jamm,1524410895643
"2,428,000,000",-20.131,jamm,1524410895758
"2,428,000,000",-14.503,jamm,1524410895958
"2,428,000,000",-21.125,jamm,1524410896260
"2,428,000,000",-20.845,jamm,1524410896324
"2,428,000,000",-18.375,jamm,1524410896470
"2,428,000,000",-7.626,jamm,1524410896905
"2,428,000,000",-14.389,jamm,1524410896965
"2,428,000,000",-22.302,jamm,1524410896988
"2,428,000,000",-21.534,jamm,1524410897186
"2,428,000,000",-17.92,jamm,1524410897316
"2,428,000,000",-8.843,jamm,1524410897397
"2,428,000,000",-22.891,jamm,1524410897542
"2,428,000,000",-17.502,jamm,1524410897674
"2,428,000,000",-18.041,jamm,1524410897999
"2,428,000,000",-22.423,jamm,1524410898197
"2,428,000,000",-18.3,jamm,1524410898699
"2,428,000,000",-19.658,jamm,1524410898760
"2,428,000,000",-10.552,jamm,1524410898847
"2,428,000,000",-10.708,jamm,1524410898908
"2,428,000,000",-24.401,jamm,1524410898948
"2,428,000,000",-14.503,jamm,1524410899203
"2,428,000,000",-18.727,jamm,1524410899306
"2,428,000,000",-24.504,jamm,1524410899593
"2,428,000,000",-22.988,jamm,1524410899707
"2,428,000,000",-22.764,jamm,1524410899957
"2,428,000,000",-22.231,jamm,1524410899957
"2,428,000,000",-21.631,jamm,1524410900348
"2,428,000,000",-21.017,jamm,1524410900634
"2,428,000,000",-21.102,jamm,1524410900663
"2,428,000,000",-12.977,jamm,1524410900764
"2,428,000,000",-13.07,jamm,1524410900895
"2,428,000,000",-21.996,jamm,1524410900987
"2,428,000,000",-16.801,jamm,1524410901441
"2,428,000,000",-20.29,jamm,1524410901538
"2,428,000,000",-19.188,jamm,1524410901577
"2,428,000,000",-17.263,jamm,1524410901580
"2,428,000,000",-22.553,jamm,1524410901878
"2,428,000,000",-14.334,jamm,1524410901896
"2,428,000,000",-21.291,jamm,1524410902141
"2,428,000,000",-11.843,jamm,1524410902576
"2,428,000,000",-17.618,jamm,1524410902720
"2,428,000,000",-17.31,jamm,1524410902738
"2,428,000,000",-20.83,jamm,1524410902922
"2,428,000,000",-14.749,jamm,1524410902942
"2,428,000,000",-21.186,jamm,1524410903249
"2,428,000,000",-13.981,jamm,1524410903333
"2,428,000,000",-14.027,jamm,1524410903615
"2,428,000,000",-13.229,jamm,1524410903729
"2,428,000,000",-11.883,jamm,1524410903800
"2,428,000,000",-7.886,jamm,1524410903899
"2,428,000,000",-19.848,jamm,1524410904177
"2,428,000,000",-13.977,jamm,1524410904435
"2,428,000,000",-14.183,jamm,1524410904549
"2,428,000,000",-23.469,jamm,1524410904572
"2,428,000,000",-21.006,jamm,1524410904845
"2,428,000,000",-22.988,jamm,1524410904966
"2,428,000,000",-9.956,jamm,1524410905250
"2,428,000,000",-22.34,jamm,1524410905284
"2,428,000,000",-18.626,jamm,1524410905329
"2,428,000,000",-13.842,jamm,1524410905744
"2,428,000,000",-12.121,jamm,1524410905845
"2,428,000,000",-17.125,jamm,1524410905915
"2,428,000,000",-18.531,jamm,1524410906539
"2,428,000,000",-19.303,jamm,1524410906787
"2,428,000,000",-18.577,jamm,1524410906856
"2,428,000,000",-12.448,jamm,1524410906886
"2,428,000,000",-18.056,jamm,1524410906904
"2,428,000,000",-18.953,jamm,1524410906904
"2,428,000,000",-21.154,jamm,1524410907327
"2,428,000,000",-17.579,jamm,1524410907570
"2,428,000,000",-22.984,jamm,1524410907621
"2,428,000,000",-18.641,jamm,1524410907688
"2,428,000,000",-20.48,jamm,1524410907801
"2,428,000,000",-9.633,jamm,1524410907828
"2,428,000,000",-14.655,jamm,1524410908292
"2,428,000,000",-18.135,jamm,1524410908429
"2,428,000,000",-17.92,jamm,1524410908471
"2,428,000,000",-16.522,jamm,1524410908515
"2,428,000,000",-23.296,jamm,1524410908721
"2,428,000,000",-20.838,jamm,1524410908758
"2,428,000,000",-20.078,jamm,1524410909390
"2,428,000,000",-21.48,jamm,1524410909427
"2,428,000,000",-21.378,jamm,1524410909465
"2,428,000,000",-18.788,jamm,1524410909712
"2,428,000,000",-22.663,jamm,1524410909886
"2,428,000,000",-17.023,jamm,1524410909970
"2,428,000,000",-9.111,jamm,1524410910154
"2,428,000,000",-22.092,jamm,1524410910360
"2,428,000,000",-13.6,jamm,1524410910430
"2,428,000,000",-21.637,jamm,1524410910464
"2,428,000,000",-12.572,jamm,1524410910527
"2,428,000,000",-19.518,jamm,1524410910759
"2,428,000,000",-15.647,jamm,1524410911212
"2,428,000,000",-20.956,jamm,1524410911347
"2,428,000,000",-9.001,jamm,1524410911599
"2,428,000,000",-22.59,jamm,1524410911792
"2,428,000,000",-17.971,jamm,1524410911809
"2,428,000,000",-15.285,jamm,1524410911845
"2,428,000,000",-10.735,jamm,1524410912145
"2,428,000,000",-20.962,jamm,1524410912443
"2,428,000,000",-20.97,jamm,1524410912559
"2,428,000,000",-17.96,jamm,1524410912560
"2,428,000,000",-22.472,jamm,1524410912595
"2,428,000,000",-16.491,jamm,1524410912824
"2,428,000,000",-20.954,jamm,1524410913155
"2,428,000,000",-19.99,jamm,1524410913163
"2,428,000,000",-17.87,jamm,1524410913384
"2,428,000,000",-21.365,jamm,1524410913602
"2,428,000,000",-22.329,jamm,1524410913649
"2,428,000,000",-22.035,jamm,1524410913765
"2,428,000,000",-15.352,jamm,1524410914167
"2,428,000,000",-21.457,jamm,1524410914253
"2,428,000,000",-22.663,jamm,1524410914557
"2,428,000,000",-12.572,jamm,1524410914609
"2,428,000,000",-18.47,jamm,1524410914925
"2,428,000,000",-19.569,jamm,1524410914983
"2,428,000,000",-19.426,jamm,1524410915155
"2,428,000,000",-8.931,jamm,1524410915547
"2,428,000,000",-19.601,jamm,1524410915582
"2,428,000,000",-15.647,jamm,1524410915852
"2,428,000,000",-21.185,jamm,1524410915869
"2,428,000,000",-20.921,jamm,1524482753388
"2,428,000,000",-17.706,jamm,1524482753417
"2,428,000,000",-11.491,jamm,1524482753697
"2,428,000,000",-13.988,jamm,1524482753783
"2,428,000,000",-21.102,jamm,1524482753793
"2,428,000,000",-11.055,jamm,1524482753826
"2,428,000,000",-18.238,jamm,1524482754104
"2,428,000,000",-18.236,jamm,1524482754175
"2,428,000,000",-20.9,jamm,1524482754201
"2,428,000,000",-22.164,jamm,1524482754290
"2,428,000,000",-15.563,jamm,1524482754311
"2,428,000,000",-13.994,jamm,1524482754479
"2,428,000,000",-16.561,jamm,1524482755123
"2,428,000,000",-21.835,jamm,1524482755318
"2,428,000,000",-15.99,jamm,1524482755363
"2,428,000,000",-20.402,jamm,1524482755383
"2,428,000,000",-16.712,jamm,1524482755622
"2,428,000,000",-8.844,jamm,1524482755998
"2,428,000,000",-18.833,jamm,1524482756118
"2,428,000,000",-20.393,jamm,1524482756166
"2,428,000,000",-19.401,jamm,1524482756307
"2,428,000,000",-17.809,jamm,1524482756382
"2,428,000,000",-10.552,jamm,1524482756764
"2,428,000,000",-14.818,jamm,1524482756980
"2,428,000,000",-13.6,jamm,1524482757246
"2,428,000,000",-20.19,jamm,1524482757258
"2,428,000,000",-14.998,jamm,1524482757356
"2,428,000,000",-19.911,jamm,1524482757442
"2,428,000,000",-17.444,jamm,1524482757504
"2,428,000,000",-20.596,jamm,1524482757967
"2,428,000,000",-9.791,jamm,1524482758275
"2,428,000,000",-20.899,jamm,1524482758280
"2,428,000,000",-21.331,jamm,1524482758303
"2,428,000,000",-18.194,jamm,1524482758390
"2,428,000,000",-22.207,jamm,1524482758404
"2,428,000,000",-18.074,jamm,1524482758828
"2,428,000,000",-18.531,jamm,1524482770100
"2,428,000,000",-8.79,jamm,1524482770261
"2,428,000,000",-14.93,jamm,1524482770392
"2,428,000,000",-20.629,jamm,1524482770397
"2,428,000,000",-20.016,jamm,1524482770464
"2,428,000,000",-17.71,jamm,1524482770655
"2,428,000,000",-8.691,jamm,1524482771260
"2,428,000,000",-19.434,jamm,1524482771618
"2,428,000,000",-18.733,jamm,1524482771700
"2,428,000,000",-24.857,jamm,1524482771848
"2,428,000,000",-15.612,jamm,1524482771905
"2,428,000,000",-9.151,jamm,1524482771957
"2,428,000,000",-16.574,jamm,1524482772130
"2,428,000,000",-22.273,jamm,1524482772270
"2,428,000,000",-21.78,jamm,1524482772381
"2,428,000,000",-21.92,jamm,1524482772541
"2,428,000,000",-19.001,jamm,1524482772693
"2,428,000,000",-14.651,jamm,1524482772931
"2,428,000,000",-19.548,jamm,1524482773120
"2,428,000,000",-16.935,jamm,1524482773123
"2,428,000,000",-15.788,jamm,1524482773343
"2,428,000,000",-12.572,jamm,1524482773413
"2,428,000,000",-21.309,jamm,1524482773553
"2,428,000,000",-21.635,jamm,1524482773822
"2,428,000,000",-17.207,jamm,1524482774193
"2,428,000,000",-13.329,jamm,1524482774416
"2,428,000,000",-24.863,jamm,1524482774777
"2,428,000,000",-12.816,jamm,1524482774802
"2,428,000,000",-11.492,jamm,1524482774910
"2,428,000,000",-18.012,jamm,1524482774988
"2,428,000,000",-14.457,jamm,1524482775490
"2,428,000,000",-8.863,jamm,1524482775572
"2,428,000,000",-12.53,jamm,1524482775671
"2,428,000,000",-18.896,jamm,1524482775672
"2,428,000,000",-22.3,jamm,1524482775774
"2,428,000,000",-19.022,jamm,1524482775998
"2,428,000,000",-21.113,jamm,1524482776260
"2,428,000,000",-24.793,jamm,1524482776320
"2,428,000,000",-19.84,jamm,1524482776532
"2,428,000,000",-22.545,jamm,1524482776586
"2,428,000,000",-15.69,jamm,1524482776598
"2,428,000,000",-23.734,jamm,1524482776645
"2,428,000,000",-19.553,jamm,1524482777390
"2,428,000,000",-12.44,jamm,1524482777524
"2,428,000,000",-10.219,jamm,1524482777601
"2,428,000,000",-21.12,jamm,1524482777785
"2,428,000,000",-11.778,jamm,1524482777821
"2,428,000,000",-15.211,jamm,1524482777864
"2,428,000,000",-19.228,jamm,1524482778215
"2,428,000,000",-23.521,jamm,1524482778281
"2,428,000,000",-19.295,jamm,1524482778378
"2,428,000,000",-8.73,jamm,1524482778401
"2,428,000,000",-15.232,jamm,1524482778569
"2,428,000,000",-18.6,jamm,1524482778975
"2,428,000,000",-20.105,jamm,1524482779103
"2,428,000,000",-23.799,jamm,1524482779197
"2,428,000,000",-21.823,jamm,1524482779250
"2,428,000,000",-22.302,jamm,1524482779337
"2,428,000,000",-22.289,jamm,1524482779612
"2,428,000,000",-14.159,jamm,1524482779876
"2,428,000,000",-18.019,jamm,1524482780108
"2,428,000,000",-16.06,jamm,1524482780236
"2,428,000,000",-24.478,jamm,1524482780394
"2,428,000,000",-13.717,jamm,1524482780739
"2,428,000,000",-21.478,jamm,1524482780904
"2,428,000,000",-16.45,jamm,1524482780927
"2,428,000,000",-12.602,jamm,1524482781217
"2,428,000,000",-14.326,jamm,1524482781218
"2,428,000,000",-20.881,jamm,1524482781388
"2,428,000,000",-22.564,jamm,1524482781709
"2,428,000,000",-21.418,jamm,1524482781710
"2,428,000,000",-12.15,jamm,1524482781993
"2,452,000,000",-21.359,jamm,1524482782168
"2,452,000,000",-16.494,jamm,1524482782799
"2,452,000,000",-21.088,jamm,1524482782844
"2,452,000,000",-21.761,jamm,1524482782853
"2,452,000,000",-24.9,jamm,1524482782909
"2,452,000,000",-11.029,jamm,1524482782981
"2,452,000,000",-7.557,jamm,1524482783382
"2,452,000,000",-24.277,jamm,1524482783510
"2,452,000,000",-9.212,jamm,1524482783673
"2,452,000,000",-14.818,jamm,1524482783732
"2,452,000,000",-17.502,jamm,1524482783901
"2,452,000,000",-19.608,jamm,1524482783986
"2,452,000,000",-10.843,jamm,1524482784175
"2,452,000,000",-23.259,jamm,1524482784300
"2,452,000,000",-21.126,jamm,1524482784491
"2,452,000,000",-14.248,jamm,1524482784829
"2,452,000,000",-20.526,jamm,1524482784849
"2,452,000,000",-15.757,jamm,1524482784896
"2,452,000,000",-8.914,jamm,1524482785133
"2,452,000,000",-21.418,jamm,1524482785242
"2,452,000,000",-20.01,jamm,1524482785442
"2,452,000,000",-19.318,jamm,1524482785505
"2,452,000,000",-17.616,jamm,1524482785543
"2,452,000,000",-19.05,jamm,1524482785742
"2,452,000,000",-7.725,jamm,1524482786119
"2,452,000,000",-21.803,jamm,1524482786298
"2,452,000,000",-22.401,jamm,1524482786428
"2,452,000,000",-14.655,jamm,1524482786811
"2,452,000,000",-10.559,jamm,1524482786898
"2,452,000,000",-21.5,jamm,1524482786966
"2,452,000,000",-15.582,jamm,1524482787122
"2,452,000,000",-16.711,jamm,1524482787240
"2,452,000,000",-21.126,jamm,1524482787273
"2,452,000,000",-13.083,jamm,1524482787529
"2,452,000,000",-22.373,jamm,1524482787623
"2,452,000,000",-13.368,jamm,1524482787749
"2,452,000,000",-21.113,jamm,1524482788222
"2,452,000,000",-17.174,jamm,1524482788229
"2,452,000,000",-13.537,jamm,1524482788619
"2,452,000,000",-16.643,jamm,1524482788764
"2,452,000,000",-16.505,jamm,1524482788835
"2,452,000,000",-20.185,jamm,1524482788917
"2,452,000,000",-13.879,jamm,1524482789350
"2,452,000,000",-13.842,jamm,1524482789495
"2,452,000,000",-21.52,jamm,1524482789784
"2,452,000,000",-18.317,jamm,1524482789972
"2,452,000,000",-22.542,jamm,1524583847664
"2,452,000,000",-17.831,jamm,1524583847787
"2,452,000,000",-9.3,jamm,1524583847850
"2,452,000,000",-20.79,jamm,1524583847977
"2,452,000,000",-23.259,jamm,1524583848136
"2,452,000,000",-12.511,jamm,1524583848512
"2,452,000,000",-18.547,jamm,1524583848529
"2,452,000,000",-17.144,jamm,1524583848658
"2,452,000,000",-23.747,jamm,1524583848885
"2,452,000,000",-20.601,jamm,1524583848961
"2,452,000,000",-20.963,jamm,1524583849380
"2,452,000,000",-14.493,jamm,1524583849438
"2,452,000,000",-17.318,jamm,1524583849465
"2,452,000,000",-17.949,jamm,1524583849500
"2,452,000,000",-10.266,jamm,1524583849785
"2,452,000,000",-19.357,jamm,1524583849940
"2,452,000,000",-13.934,jamm,1524583850103
"2,452,000,000",-20.553,jamm,1524583850186
"2,452,000,000",-17.825,jamm,1524583850506
"2,452,000,000",-20.732,jamm,1524583850613
"2,452,000,000",-20.9,jamm,1524583850725
"2,452,000,000",-12.219,jamm,1524583850844
"2,452,000,000",-8.251,jamm,1524583851162
"2,452,000,000",-22.289,jamm,1524583851336
"2,452,000,000",-11.212,jamm,1524583851395
"2,452,000,000",-14.064,jamm,1524583851498
"2,452,000,000",-21.686,jamm,1524583851607
"2,452,000,000",-24.84,jamm,1524583851963
"2,452,000,000",-19.396,jamm,1524583852343
"2,452,000,000",-24.504,jamm,1524583852414
"2,452,000,000",-13.229,jamm,1524583852828
"2,452,000,000",-13.391,jamm,1524583852882
"2,452,000,000",-19.618,jamm,1524583852961
"2,452,000,000",-17.766,jamm,1524583852964
"2,452,000,000",-20.118,jamm,1524583853108
"2,452,000,000",-21.849,jamm,1524583853129
"2,452,000,000",-22.151,jamm,1524583853373
"2,452,000,000",-18.243,jamm,1524583853540
"2,452,000,000",-17.243,jamm,1524583853642
"2,452,000,000",-24.401,jamm,1524583853705
"2,452,000,000",-17.306,jamm,1524583854299
"2,452,000,000",-16.505,jamm,1524583854396
"2,452,000,000",-19.677,jamm,1524583854399
"2,452,000,000",-21.787,jamm,1524583854848
"2,452,000,000",-18.219,jamm,1524583854876
"2,452,000,000",-20.377,jamm,1524583854990
"2,452,000,000",-9.009,jamm,1524583855229
"2,452,000,000",-13.142,jamm,1524583855272
"2,452,000,000",-11.732,jamm,1524583855293
"2,452,000,000",-24.863,jamm,1524583855302
"2,452,000,000",-13.792,jamm,1524583855692
"2,452,000,000",-12.394,jamm,1524583855802
"2,452,000,000",-19.558,jamm,1524583856467
"2,452,000,000",-8.951,jamm,1524583856483
"2,452,000,000",-11.277,jamm,1524583856544
"2,452,000,000",-22.383,jamm,1524583856612
"2,452,000,000",-21.27,jamm,1524583856679
"2,452,000,000",-14.061,jamm,1524583856821
"2,452,000,000",-19.692,jamm,1524583857118
"2,452,000,000",-14.777,jamm,1524583857210
"2,452,000,000",-22.302,jamm,1524583857368
"2,452,000,000",-17.58,jamm,1524583857490
"2,452,000,000",-7.282,jamm,1524583857503
"2,452,000,000",-13.981,jamm,1524583857990
"2,452,000,000",-13.051,jamm,1524583858138
"2,452,000,000",-16.643,jamm,1524583858383
"2,452,000,000",-18.404,jamm,1524583858430
"2,452,000,000",-21.806,jamm,1524583858637
"2,452,000,000",-18.238,jamm,1524583858664
"2,452,000,000",-24.931,jamm,1524583858724
"2,452,000,000",-9.206,jamm,1524583870286
"2,452,000,000",-20.427,jamm,1524583870304
"2,452,000,000",-16.317,jamm,1524583870753
"2,452,000,000",-9.791,jamm,1524583870768
"2,452,000,000",-18.811,jamm,1524583870928
"2,452,000,000",-15.853,jamm,1524583870985
"2,452,000,000",-21.379,jamm,1524583871272
"2,452,000,000",-12.691,jamm,1524583871391
"2,452,000,000",-14.735,jamm,1524583871472
"2,452,000,000",-8.832,jamm,1524583871521
"2,452,000,000",-21.056,jamm,1524583871718
"2,452,000,000",-21.369,jamm,1524583871943
"2,452,000,000",-15.569,jamm,1524583872145
"2,452,000,000",-21.184,jamm,1524583872407
"2,452,000,000",-10.863,jamm,1524583872637
"2,452,000,000",-18.171,jamm,1524583872658
"2,452,000,000",-22.565,jamm,1524583872766
"2,452,000,000",-20.43,jamm,1524583872852
"2,452,000,000",-21.701,jamm,1524583873119
"2,452,000,000",-22.433,jamm,1524583873176
"2,452,000,000",-13.842,jamm,1524583873439
"2,452,000,000",-21.914,jamm,1524583873530
"2,452,000,000",-19.485,jamm,1524583873780
"2,452,000,000",-15.295,jamm,1524583873844
"2,452,000,000",-15.106,jamm,1524583874419
"2,452,000,000",-18.095,jamm,1524583874526
"2,452,000,000",-22.899,jamm,1524583874593
"2,452,000,000",-17.628,jamm,1524583874827
"2,452,000,000",-10.09,jamm,1524583874912
"2,452,000,000",-18.467,jamm,1524583874974
"2,452,000,000",-8.982,jamm,1524583875509
"2,452,000,000",-22.235,jamm,1524583875592
"2,452,000,000",-24.84,jamm,1524583875599
"2,452,000,000",-8.963,jamm,1524583875803
"2,452,000,000",-23.734,jamm,1524583875807
"2,452,000,000",-19.506,jamm,1524583875859
"2,452,000,000",-13.46,jamm,1524583876319
"2,452,000,000",-22.104,jamm,1524583876373
"2,452,000,000",-22.564,jamm,1524583876466
"2,452,000,000",-18.075,jamm,1524583876561
"2,452,000,000",-23.262,jamm,1524583876791
"2,452,000,000",-21.088,jamm,1524583876909
"2,452,000,000",-20.41,jamm,1524583877102
"2,452,000,000",-20.362,jamm,1524583877159
"2,452,000,000",-12.875,jamm,1524583877288
"2,452,000,000",-12.037,jamm,1524583877344
"2,452,000,000",-22.59,jamm,1524583877729
"2,452,000,000",-19.157,jamm,1524583877985
"2,452,000,000",-21.454,jamm,1524583878447
"2,452,000,000",-11.499,jamm,1524583878728
"2,452,000,000",-21.89,jamm,1524583878786
"2,452,000,000",-19.267,jamm,1524583878797
"2,452,000,000",-22.891,jamm,1524583878965
"2,452,000,000",-21.113,jamm,1524583878979
"2,452,000,000",-21.006,jamm,1524583879314
"2,452,000,000",-21.424,jamm,1524583879355
"2,452,000,000",-14.917,jamm,1524583879545
"2,452,000,000",-14.968,jamm,1524583879695
"2,452,000,000",-9.992,jamm,1524583879847
"2,452,000,000",-18.308,jamm,1524583879913
"2,452,000,000",-11.846,jamm,1524583880461
"2,452,000,000",-9.132,jamm,1524583880844
"2,452,000,000",-21.315,jamm,1524591743313
"2,452,000,000",-15.563,jamm,1524591743336
"2,452,000,000",-20.291,jamm,1524591743601
"2,452,000,000",-20.271,jamm,1524591743603
"2,452,000,000",-18.051,jamm,1524591743935
"2,452,000,000",-17.279,jamm,1524591744274
"2,452,000,000",-15.059,jamm,1524591744280
"2,452,000,000",-21.866,jamm,1524591744604
"2,452,000,000",-20.07,jamm,1524591744785
"2,452,000,000",-13.792,jamm,1524591744925
"2,452,000,000",-20.887,jamm,1524591744998
"2,452,000,000",-23.085,jamm,1524591745279
"2,452,000,000",-22.087,jamm,1524591745459
"2,452,000,000",-18.494,jamm,1524591745627
"2,452,000,000",-11.82,jamm,1524591745727
"2,452,000,000",-21.592,jamm,1524591745859
"2,452,000,000",-17.165,jamm,1524591745982
"2,452,000,000",-16.643,jamm,1524591746468
"2,452,000,000",-17.367,jamm,1524591746544
"2,452,000,000",-24.478,jamm,1524591746663
"2,452,000,000",-9.992,jamm,1524591746697
"2,452,000,000",-8.736,jamm,1524591746848
"2,452,000,000",-21.806,jamm,1524591746868
"2,452,000,000",-20.402,jamm,1524591747102
"2,452,000,000",-21.72,jamm,1524591747154
"2,452,000,000",-20.989,jamm,1524591747258
"2,452,000,000",-24.615,jamm,1524591747449
"2,452,000,000",-24.646,jamm,1524591747769
"2,452,000,000",-15.024,jamm,1524591747972
"2,452,000,000",-17.601,jamm,1524591748224
"2,452,000,000",-19.022,jamm,1524591748358
"2,452,000,000",-19.828,jamm,1524591748386
"2,452,000,000",-17.858,jamm,1524591748606
"2,452,000,000",-19.677,jamm,1524591748648
"2,452,000,000",-20.066,jamm,1524591748792
"2,452,000,000",-18.039,jamm,1524591749110
"2,452,000,000",-21.886,jamm,1524591749188
"2,452,000,000",-21.171,jamm,1524591749228
"2,452,000,000",-20.185,jamm,1524591749399
"2,452,000,000",-13.434,jamm,1524591749946
"2,452,000,000",-9.526,jamm,1524591749974
"2,452,000,000",-21.705,jamm,1524591750132
"2,452,000,000",-18.489,jamm,1524591750394
"2,452,000,000",-13.587,jamm,1524591750527
"2,452,000,000",-11.763,jamm,1524591750532
"2,452,000,000",-12.857,jamm,1524591750687
"2,452,000,000",-24.478,jamm,1524591750861
"2,452,000,000",-22.307,jamm,1524591751209
"2,452,000,000",-15.5,jamm,1524591751289
"2,452,000,000",-21.177,jamm,1524591751324
"2,452,000,000",-19.848,jamm,1524591751504
"2,452,000,000",-16.644,jamm,1524591751560
"2,452,000,000",-20.352,jamm,1524591751892
"2,452,000,000",-19.524,jamm,1524591752184
"2,452,000,000",-19.533,jamm,1524591752279
"2,452,000,000",-18.094,jamm,1524591752305
"2,452,000,000",-20.312,jamm,1524591752532
"2,448,000,000",-19.337,jamm,1524591752658
"2,448,000,000",-20.313,jamm,1524591752717
"2,448,000,000",-15.267,jamm,1524591753391
"2,448,000,000",-12.792,jamm,1524591753517
"2,448,000,000",-19.648,jamm,1524591753643
"2,448,000,000",-8.884,jamm,1524591753681
"2,448,000,000",-14.491,jamm,1524591753697
"2,448,000,000",-10.103,jamm,1524591753849
"2,448,000,000",-19.882,jamm,1524591754306
"2,448,000,000",-16.317,jamm,1524591754405
"2,448,000,000",-20.285,jamm,1524591754596
"2,448,000,000",-18.867,jamm,1524591754596
"2,448,000,000",-21.49,jamm,1524591754734
"2,448,000,000",-13.483,jamm,1524591754963
"2,448,000,000",-8.997,jamm,1524591755140
"2,448,000,000",-19.09,jamm,1524591755169
"2,448,000,000",-21.125,jamm,1524591755239
"2,448,000,000",-18.16,jamm,1524591755268
"2,448,000,000",-18.069,jamm,1524591755528
"2,448,000,000",-20.164,jamm,1524591755720
"2,448,000,000",-19.869,jamm,1524591756323
"2,448,000,000",-16.858,jamm,1524591756424
"2,448,000,000",-18.078,jamm,1524591756655
"2,448,000,000",-9.633,jamm,1524591756766
"2,448,000,000",-23.734,jamm,1524591756894
"2,448,000,000",-24.277,jamm,1524591756995
"2,448,000,000",-17.999,jamm,1524591757375
"2,448,000,000",-21.274,jamm,1524591757614
"2,448,000,000",-12.583,jamm,1524591757640
"2,448,000,000",-19.031,jamm,1524591757679
"2,448,000,000",-11.187,jamm,1524591757762
"2,448,000,000",-12.857,jamm,1524591757831
"2,448,000,000",-11.689,jamm,1524591758203
"2,448,000,000",-16.45,jamm,1524591758335
"2,448,000,000",-21.006,jamm,1524591758668
"2,448,000,000",-23.296,jamm,1524591758696
"2,448,000,000",-14.724,jamm,1524591758764
"2,448,000,000",-9.35,jamm,1524591758810
"2,448,000,000",-20.313,jamm,1524591759320
"2,448,000,000",-24.9,jamm,1524591759366
"2,448,000,000",-18.762,jamm,1524591759581
"2,448,000,000",-24.708,jamm,1524591759845
"2,448,000,000",-24.84,jamm,1524591759881
"2,448,000,000",-18.432,jamm,1524591759902
"2,448,000,000",-24.688,jamm,1524591760403
"2,448,000,000",-13.229,jamm,1524591760438
"2,448,000,000",-11.141,jamm,1524591760472
"2,448,000,000",-15.853,jamm,1524591760560
"2,448,000,000",-19.881,jamm,1524591760779
"2,448,000,000",-22.036,jamm,1524591760785
"2,448,000,000",-13.847,jamm,1524591761159
"2,448,000,000",-17.506,jamm,1524591761309
"2,448,000,000",-18.398,jamm,1524591761354
"2,448,000,000",-14.735,jamm,1524591761486
"2,448,000,000",-24.148,jamm,1524591761660
"2,448,000,000",-17.58,jamm,1524591761940
"2,448,000,000",-14.735,jamm,1524591762237
"2,448,000,000",-17.55,jamm,1524591762253
"2,448,000,000",-12.451,jamm,1524591762292
"2,448,000,000",-24.684,jamm,1524591762504
"2,448,000,000",-8.706,jamm,1524591762603
"2,448,000,000",-19.517,jamm,1524591762697
"2,448,000,000",-21.406,jamm,1524591763280
"2,448,000,000",-19.252,jamm,1524591763479
"2,448,000,000",-14.917,jamm,1524591763861
"2,448,000,000",-15.002,jamm,1524591763884
"2,448,000,000",-20.954,jamm,1524591763898
"2,448,000,000",-20.416,jamm,1524591763980
"2,448,000,000",-21.685,jamm,1524591764128
"2,448,000,000",-21.237,jamm,1524591764166
"2,448,000,000",-8.63,jamm,1524591764498
"2,448,000,000",-18.398,jamm,1524591764634
"2,448,000,000",-8.654,jamm,1524591764779
"2,448,000,000",-21.609,jamm,1524591764907
"2,448,000,000",-12.017,jamm,1524591765318
"2,448,000,000",-13.146,jamm,1524591765337
"2,448,000,000",-24.188,jamm,1524591765386
"2,448,000,000",-22.899,jamm,1524591765482
"2,448,000,000",-21.43,jamm,1524591765911
"2,448,000,000",-22.237,jamm,1524591765970
"2,448,000,000",-9.214,jamm,1524591766231
"2,448,000,000",-14.015,jamm,1524591766269
"2,448,000,000",-17.977,jamm,1524591766350
"2,448,000,000",-15.836,jamm,1524591766958
"2,448,000,000",-16.164,jamm,1524591766969
"2,448,000,000",-24.966,jamm,1524591766992
"2,448,000,000",-18.105,jamm,1524591767343
"2,448,000,000",-19.977,jamm,1524591767522
"2,448,000,000",-19.293,jamm,1524591767524
"2,448,000,000",-22.764,jamm,1524591767585
"2,448,000,000",-18.737,jamm,1524591767600
"2,448,000,000",-15.289,jamm,1524591767728
"2,448,000,000",-17.419,jamm,1524591768145
"2,448,000,000",-13.146,jamm,1524591768378
"2,448,000,000",-20.408,jamm,1524591768429
"2,448,000,000",-20.409,jamm,1524591768476
"2,448,000,000",-9.082,jamm,1524591768639
"2,448,000,000",-23.521,jamm,1524591768981
"2,448,000,000",-22.565,jamm,1524591769131
"2,448,000,000",-22.385,jamm,1524591769162
"2,448,000,000",-15.272,jamm,1524591769386
"2,448,000,000",-19.525,jamm,1524591769579
"2,448,000,000",-21.904,jamm,1524591769692
"2,448,000,000",-22.047,jamm,1524591769971
"2,448,000,000",-17.918,jamm,1524591770305
"2,448,000,000",-11.103,jamm,1524591770635
"2,448,000,000",-17.784,jamm,1524591770666
"2,448,000,000",-20.007,jamm,1524591770950
"2,448,000,000",-21.217,jamm,1524591770991
"2,448,000,000",-16.479,jamm,1524591770992
"2,448,000,000",-22.035,jamm,1524591771211
"2,448,000,000",-19.848,jamm,1524591771212
"2,448,000,000",-17.697,jamm,1524591771588
"2,448,000,000",-22.116,jamm,1524591771784
"2,448,000,000",-18.384,jamm,1524591771818
"2,448,000,000",-23.529,jamm,1524591771956
"2,448,000,000",-11.31,jamm,1524591772290
"2,448,000,000",-12.538,jamm,1524591772430
"2,448,000,000",-19.623,jamm,1524591772733
"2,448,000,000",-20.932,jamm,1524591772836
"2,448,000,000",-13.145,jamm,1524591772910
"2,448,000,000",-18.566,jamm,1524591772994
"2,448,000,000",-18.376,jamm,1524591773226
"2,448,000,000",-22.984,jamm,1524591773307
"2,448,000,000",-13.15,jamm,1524591773318
"2,448,000,000",-9.294,jamm,1524591773332
"2,448,000,000",-22.101,jamm,1524591773372
"2,448,000,000",-23.668,jamm,1524591773466
"2,448,000,000",-22.401,jamm,1524591774108
"2,448,000,000",-14.588,jamm,1524591774333
"2,448,000,000",-11.188,jamm,1524591774339
"2,448,000,000",-16.63,jamm,1524591774808
"2,448,000,000",-18.069,jamm,1524591774819
"2,448,000,000",-12.44,jamm,1524591774932
"2,448,000,000",-22.423,jamm,1524591775278
"2,448,000,000",-16.461,jamm,1524591775421
"2,448,000,000",-15.836,jamm,1524591775467
"2,448,000,000",-9.542,jamm,1524591775583
"2,448,000,000",-23.673,jamm,1524591775633
"2,448,000,000",-16.263,jamm,1524591775667
"2,448,000,000",-22.7,jamm,1524591776161
"2,448,000,000",-20.894,jamm,1524591776212
"2,448,000,000",-24.148,jamm,1524591776262
"2,448,000,000",-17.825,jamm,1524591776352
"2,448,000,000",-14.735,jamm,1524591776458
"2,448,000,000",-11.308,jamm,1524591776997
"2,448,000,000",-21.464,jamm,1524591777183
"2,448,000,000",-22.842,jamm,1524591777225
"2,448,000,000",-18.547,jamm,1524591777281
"2,448,000,000",-19.401,jamm,1524591777671
"2,448,000,000",-24.863,jamm,1524591777745
"2,448,000,000",-20.893,jamm,1524591777884
"2,448,000,000",-20.54,jamm,1524591778350
"2,448,000,000",-21.463,jamm,1524591778365
"2,448,000,000",-14.356,jamm,1524591778384
"2,448,000,000",-11.028,jamm,1524591778495
"2,448,000,000",-22.438,jamm,1524591778862
"2,448,000,000",-18.57,jamm,1524591778997
"2,448,000,000",-17.887,jamm,1524591790251
"2,448,000,000",-13.678,jamm,1524591790381
"2,448,000,000",-17.666,jamm,1524591790560
"2,448,000,000",-21.886,jamm,1524591790613
"2,448,000,000",-18.96,jamm,1524591790691
"2,448,000,000",-10.617,jamm,1524591790701
"2,448,000,000",-17.601,jamm,1524591791217
"2,448,000,000",-13.685,jamm,1524591791585
"2,448,000,000",-18.301,jamm,1524591791832
"2,448,000,000",-22.298,jamm,1524591791894
"2,448,000,000",-18.078,jamm,1524591791924
"2,448,000,000",-19.357,jamm,1524591791965
"2,448,000,000",-21.358,jamm,1524591792131
"2,448,000,000",-21.803,jamm,1524591792145
"2,448,000,000",-19.721,jamm,1524591792454
"2,448,000,000",-18.019,jamm,1524591792530
"2,448,000,000",-24.888,jamm,1524591792659
"2,448,000,000",-16.73,jamm,1524591792663
"2,448,000,000",-18.811,jamm,1524591793383
"2,448,000,000",-9.008,jamm,1524591793595
"2,448,000,000",-17.019,jamm,1524591793649
"2,448,000,000",-22.764,jamm,1524591793818
"2,448,000,000",-20.727,jamm,1524591793882
"2,448,000,000",-19.084,jamm,1524591793960
"2,448,000,000",-20.609,jamm,1524591794296
"2,448,000,000",-19.005,jamm,1524591794297
"2,448,000,000",-21.679,jamm,1524591794353
"2,448,000,000",-22.29,jamm,1524591794450
"2,448,000,000",-15.72,jamm,1524591794730
"2,448,000,000",-20.339,jamm,1524591794750
"2,448,000,000",-20.658,jamm,1524591795104
"2,448,000,000",-21.407,jamm,1524591795112
"2,448,000,000",-20.891,jamm,1524591795377
"2,448,000,000",-17.657,jamm,1524591795524
"2,448,000,000",-18.625,jamm,1524591795954
"2,448,000,000",-19.691,jamm,1524591795988
"2,448,000,000",-21.803,jamm,1524591796544
"2,448,000,000",-22.307,jamm,1524591796546
"2,448,000,000",-13.444,jamm,1524591796557
"2,448,000,000",-18.897,jamm,1524591796605
"2,448,000,000",-20.118,jamm,1524591796797
"2,448,000,000",-22.984,jamm,1524591796990
"2,448,000,000",-22.164,jamm,1524591797292
"2,448,000,000",-24.981,jamm,1524591797332
"2,448,000,000",-14.872,jamm,1524591797445
"2,448,000,000",-13.572,jamm,1524591797462
"2,448,000,000",-17.759,jamm,1524591797877
"2,448,000,000",-21.681,jamm,1524591797995
"2,448,000,000",-24.281,jamm,1524591798409
"2,448,000,000",-10.219,jamm,1524591798684
"2,448,000,000",-21.785,jamm,1524591798806
"2,448,000,000",-22.545,jamm,1524591798875
"2,448,000,000",-16.732,jamm,1524652829436
"2,448,000,000",-19.4,jamm,1524652829509
"2,448,000,000",-21.837,jamm,1524652830570
"2,448,000,000",-20.798,jamm,1524652830576
"2,448,000,000",-23.469,jamm,1524652830647
"2,448,000,000",-21.612,jamm,1524652830672
"2,448,000,000",-16.218,jamm,1524652830704
"2,448,000,000",-14.872,jamm,1524652830788
"2,448,000,000",-15.862,jamm,1524652831281
"2,448,000,000",-12.234,jamm,1524652831477
"2,448,000,000",-21.737,jamm,1524652831504
"2,448,000,000",-15.775,jamm,1524652831584
"2,448,000,000",-12.961,jamm,1524652831642
"2,448,000,000",-12.614,jamm,1524652831744
"2,448,000,000",-11.054,jamm,1524652832405
"2,448,000,000",-19.577,jamm,1524652832690
"2,448,000,000",-17.254,jamm,1524652832718
"2,448,000,000",-17.781,jamm,1524652832834
"2,448,000,000",-16.344,jamm,1524652832910
"2,448,000,000",-19.325,jamm,1524652832945
"2,448,000,000",-9.027,jamm,1524652833278
"2,448,000,000",-20.115,jamm,1524652833432
"2,448,000,000",-21.754,jamm,1524652833586
"2,448,000,000",-19.323,jamm,1524652833670
"2,448,000,000",-21.534,jamm,1524652833953
"2,448,000,000",-14.008,jamm,1524652833955
"2,448,000,000",-22.442,jamm,1524652834137
"2,448,000,000",-9.806,jamm,1524652834178
"2,448,000,000",-11.202,jamm,1524652834220
"2,448,000,000",-14.148,jamm,1524652834603
"2,448,000,000",-19.698,jamm,1524652834663
"2,448,000,000",-15.424,jamm,1524652834882
"2,448,000,000",-20.39,jamm,1524652835126
"2,448,000,000",-19.744,jamm,1524652835338
"2,448,000,000",-17.524,jamm,1524652835534
"2,448,000,000",-21.223,jamm,1524652835590
"2,448,000,000",-17.729,jamm,1524652835669
"2,448,000,000",-13.937,jamm,1524652835878
"2,448,000,000",-18.641,jamm,1524652836142
"2,448,000,000",-18.367,jamm,1524652836285
"2,448,000,000",-17.792,jamm,1524652836340
"2,448,000,000",-8.903,jamm,1524652836561
"2,448,000,000",-18.55,jamm,1524652836676
"2,448,000,000",-14.113,jamm,1524652836946
"2,448,000,000",-19.721,jamm,1524652837179
"2,448,000,000",-20.077,jamm,1524652837256
"2,448,000,000",-22.326,jamm,1524652837360
"2,448,000,000",-18.603,jamm,1524652837436
"2,448,000,000",-18.868,jamm,1524652837582
"2,448,000,000",-14.701,jamm,1524652837707
"2,448,000,000",-19.941,jamm,1524652838145
"2,448,000,000",-17.978,jamm,1524652838400
"2,448,000,000",-21.107,jamm,1524652838536
"2,448,000,000",-17.677,jamm,1524652838700
"2,448,000,000",-11.471,jamm,1524652838888
"2,448,000,000",-17.253,jamm,1524652838995
"2,448,000,000",-21.305,jamm,1524652839209
"2,448,000,000",-22.207,jamm,1524652839622
"2,448,000,000",-14.451,jamm,1524652839736
"2,448,000,000",-20.533,jamm,1524652839742
"2,448,000,000",-22.487,jamm,1524652839751
"2,448,000,000",-19.084,jamm,1524652839874
"2,448,000,000",-19.762,jamm,1524652840121
"2,448,000,000",-9.123,jamm,1524652840646
"2,406,000,000",-21.217,jamm,1524652840703
"2,406,000,000",-20.73,jamm,1524652840716
"2,406,000,000",-11.142,jamm,1524652840750
"2,406,000,000",-19.329,jamm,1524652840859
"2,406,000,000",-13.219,jamm,1524652841227
"2,406,000,000",-22.663,jamm,1524652841401
"2,406,000,000",-22.447,jamm,1524652841624
"2,406,000,000",-22.197,jamm,1524652841907
"2,406,000,000",-21.844,jamm,1524652841931
"2,406,000,000",-24.888,jamm,1524652841944
"2,406,000,000",-12.197,jamm,1524652842206
"2,406,000,000",-21.721,jamm,1524652842396
"2,406,000,000",-21.685,jamm,1524652842435
"2,406,000,000",-21.081,jamm,1524652842504
"2,406,000,000",-22.842,jamm,1524652842798
"2,406,000,000",-20.768,jamm,1524652842842
"2,406,000,000",-24.863,jamm,1524652843130
"2,406,000,000",-15.775,jamm,1524652843270
"2,406,000,000",-19.069,jamm,1524652843353
"2,406,000,000",-22.132,jamm,1524652843361
"2,406,000,000",-18.231,jamm,1524652843484
"2,406,000,000",-16.63,jamm,1524652843745
"2,406,000,000",-12.206,jamm,1524652844132
"2,406,000,000",-22.505,jamm,1524652844150
"2,406,000,000",-16.825,jamm,1524652844863
"2,406,000,000",-7.992,jamm,1524652844873
"2,406,000,000",-19.721,jamm,1524652844953
"2,406,000,000",-20.007,jamm,1524652844988
"2,406,000,000",-21.705,jamm,1524652845359
"2,406,000,000",-19.252,jamm,1524652845588
"2,406,000,000",-21.914,jamm,1524652845663
"2,406,000,000",-11.039,jamm,1524652845772
"2,406,000,000",-21.112,jamm,1524652845848
"2,406,000,000",-22.163,jamm,1524652845854
"2,406,000,000",-21.397,jamm,1524652846115
"2,406,000,000",-17.323,jamm,1524652846229
"2,406,000,000",-19.724,jamm,1524652846765
"2,406,000,000",-18.622,jamm,1524652846787
"2,406,000,000",-19.252,jamm,1524652846909
"2,406,000,000",-22.199,jamm,1524652846989
"2,406,000,000",-20.185,jamm,1524652847290
"2,406,000,000",-19.176,jamm,1524652847533
"2,406,000,000",-21.505,jamm,1524652847550
"2,406,000,000",-18.869,jamm,1524652847613
"2,406,000,000",-15.083,jamm,1524652847688
"2,406,000,000",-20.682,jamm,1524652847826
"2,406,000,000",-22.401,jamm,1524652848106
"2,406,000,000",-20.254,jamm,1524652848371
"2,406,000,000",-10.163,jamm,1524652848418
"2,406,000,000",-17.419,jamm,1524652848712
"2,406,000,000",-19.605,jamm,1524652848843
"2,406,000,000",-21.304,jamm,1524652848878
"2,406,000,000",-19.059,jamm,1524652849169
"2,406,000,000",-9.537,jamm,1524652849244
"2,406,000,000",-20.089,jamm,1524652849244
"2,406,000,000",-20.829,jamm,1524652849470
"2,406,000,000",-17.904,jamm,1524652849484
"2,406,000,000",-10.854,jamm,1524652849883
"2,406,000,000",-20.797,jamm,1524652850254
"2,406,000,000",-21.681,jamm,1524652850310
"2,406,000,000",-20.995,jamm,1524652850344
"2,406,000,000",-17.036,jamm,1524652850443
"2,406,000,000",-17.973,jamm,1524652850692
"2,406,000,000",-22.737,jamm,1524652850976
"2,406,000,000",-18.821,jamm,1524652851368
"2,406,000,000",-17.502,jamm,1524652851467
"2,406,000,000",-20.658,jamm,1524652851625
"2,406,000,000",-17.664,jamm,1524652851661
"2,406,000,000",-12.857,jamm,1524652851720
"2,406,000,000",-15.836,jamm,1524652851924
"2,406,000,000",-21.21,jamm,1524652852175
"2,406,000,000",-13.953,jamm,1524652852444
"2,406,000,000",-20.257,jamm,1524652852472
"2,406,000,000",-20.663,jamm,1524652852899
"2,406,000,000",-12.501,jamm,1524652852974
"2,406,000,000",-22.251,jamm,1524652852995
"2,406,000,000",-18.468,jamm,1524652853205
"2,406,000,000",-20.768,jamm,1524652853650
"2,406,000,000",-14.124,jamm,1524652853736
"2,406,000,000",-18.141,jamm,1524652853739
"2,406,000,000",-17.422,jamm,1524652853748
"2,406,000,000",-15.184,jamm,1524652853832
"2,406,000,000",-22.7,jamm,1524652854110
"2,406,000,000",-13.649,jamm,1524652854262
"2,406,000,000",-22.014,jamm,1524652854345
"2,406,000,000",-18.101,jamm,1524652854763
"2,406,000,000",-17.58,jamm,1524652854877
"2,406,000,000",-21.564,jamm,1524652854996
"2,406,000,000",-23.307,jamm,1524652855253
"2,406,000,000",-14.998,jamm,1524652855441
"2,406,000,000",-16.969,jamm,1524652855504
"2,406,000,000",-17.524,jamm,1524652855606
"2,406,000,000",-18.028,jamm,1524652855838
"2,406,000,000",-19.05,jamm,1524652855896
"2,406,000,000",-19.919,jamm,1524652856154
"2,406,000,000",-13.321,jamm,1524652856281
"2,406,000,000",-10.634,jamm,1524652856513
"2,406,000,000",-22.553,jamm,1524652856784
"2,406,000,000",-20.951,jamm,1524652856838
"2,406,000,000",-20.676,jamm,1524652856895
"2,406,000,000",-21.806,jamm,1524652857145
"2,406,000,000",-23.053,jamm,1524652857185
"2,406,000,000",-18.187,jamm,1524652857255
"2,406,000,000",-19.361,jamm,1524652857455
"2,406,000,000",-12.723,jamm,1524652857910
"2,406,000,000",-22.764,jamm,1524652857932
"2,406,000,000",-22.105,jamm,1524652858111
"2,406,000,000",-17.019,jamm,1524652858131
"2,406,000,000",-17.616,jamm,1524652858190
"2,406,000,000",-21.021,jamm,1524652858376
"2,406,000,000",-18.169,jamm,1524652858561
"2,406,000,000",-18.36,jamm,1524652858714
"2,406,000,000",-13.6,jamm,1524652870237
"2,406,000,000",-19.306,jamm,1524652870286
"2,406,000,000",-19.716,jamm,1524652870289
"2,406,000,000",-16.386,jamm,1524652870453
"2,406,000,000",-23.529,jamm,1524652870640
"2,406,000,000",-19.05,jamm,1524652870967
"2,406,000,000",-18.297,jamm,1524652871277
"2,406,000,000",-22.326,jamm,1524652871627
"2,406,000,000",-12.53,jamm,1524652871712
"2,406,000,000",-19.005,jamm,1524652871762
"2,406,000,000",-23.259,jamm,1524652871851
"2,406,000,000",-13.172,jamm,1524652871880
"2,406,000,000",-18.681,jamm,1524652872105
"2,406,000,000",-21.785,jamm,1524652872261
"2,406,000,000",-13.413,jamm,1524652872335
"2,406,000,000",-19.589,jamm,1524652872553
"2,406,000,000",-21.252,jamm,1524652872859
"2,406,000,000",-20.768,jamm,1524652872974
"2,406,000,000",-17.177,jamm,1524652873284
"2,406,000,000",-15.563,jamm,1524652873311
"2,406,000,000",-18.043,jamm,1524652873657
"2,406,000,000",-10.29,jamm,1524652873868
"2,406,000,000",-19.749,jamm,1524652873921
"2,406,000,000",-19.876,jamm,1524652873939
"2,406,000,000",-21.685,jamm,1524652874260
"2,406,000,000",-21.378,jamm,1524652874459
"2,406,000,000",-21.857,jamm,1524652874521
"2,406,000,000",-16.51,jamm,1524652874616
"2,406,000,000",-18.028,jamm,1524652874623
"2,406,000,000",-22.737,jamm,1524652874637
"2,406,000,000",-19.43,jamm,1524652875294
"2,406,000,000",-18.531,jamm,1524652875464
"2,406,000,000",-23.296,jamm,1524652875703
"2,406,000,000",-15.178,jamm,1524652875789
"2,406,000,000",-16.36,jamm,1524652875850
"2,406,000,000",-8.135,jamm,1524652875879
"2,406,000,000",-11.511,jamm,1524652876272
"2,406,000,000",-22.199,jamm,1524652876479
"2,406,000,000",-17.795,jamm,1524652876621
"2,406,000,000",-18.956,jamm,1524652876666
"2,406,000,000",-13.65,jamm,1524652876668
"2,406,000,000",-13.702,jamm,1524652876787
"2,406,000,000",-20.05,jamm,1524652877252
"2,406,000,000",-22.237,jamm,1524652877355
"2,406,000,000",-14.762,jamm,1524652877550
"2,406,000,000",-12.466,jamm,1524652877582
"2,406,000,000",-18.217,jamm,1524652877598
"2,406,000,000",-21.868,jamm,1524652877797
"2,406,000,000",-23.397,jamm,1524652878546
"2,406,000,000",-19.022,jamm,1524652878575
"2,406,000,000",-19.495,jamm,1524652878577
"2,406,000,000",-22.036,jamm,1524652878585
"2,406,000,000",-20.247,jamm,1524652878611
"2,406,000,000",-22.005,jamm,1524652878985
"2,406,000,000",-20.873,jamm,1524652879111
"2,406,000,000",-24.418,jamm,1524652879189
"2,406,000,000",-19.095,jamm,1524652879253
"2,406,000,000",-17.764,jamm,1524652879303
"2,406,000,000",-21.586,jamm,1524652879571
"2,406,000,000",-18.086,jamm,1524652879711
"2,406,000,000",-11.792,jamm,1524652880193
"2,406,000,000",-23.262,jamm,1524652880409
"2,406,000,000",-22.467,jamm,1524652880888
"2,406,000,000",-22.686,jamm,1524652880898
"2,406,000,000",-18.121,jamm,1524652880909
"2,406,000,000",-7.733,jamm,1524652880926
"2,406,000,000",-24.281,jamm,1524652881428
"2,406,000,000",-17.486,jamm,1524652881442
"2,406,000,000",-13.12,jamm,1524652881468
"2,406,000,000",-12.796,jamm,1524652881605
"2,406,000,000",-19.601,jamm,1524652881710
"2,406,000,000",-8.976,jamm,1524652881814
"2,406,000,000",-18.673,jamm,1524652882182
"2,406,000,000",-17.679,jamm,1524652882463
"2,406,000,000",-17.504,jamm,1524652882541
"2,406,000,000",-22.207,jamm,1524652882706
"2,406,000,000",-15.075,jamm,1524652882810
"2,406,000,000",-20.533,jamm,1524652882937
"2,406,000,000",-20.916,jamm,1524652883293
"2,406,000,000",-15.971,jamm,1524652883412
"2,406,000,000",-20.367,jamm,1524652883585
"2,406,000,000",-15.782,jamm,1524652883611
"2,406,000,000",-21.446,jamm,1524652883934
"2,406,000,000",-21.127,jamm,1524666298578
"2,406,000,000",-16.643,jamm,1524666298626
"2,406,000,000",-15.002,jamm,1524666298858
"2,406,000,000",-20.946,jamm,1524666310289
"2,406,000,000",-17.601,jamm,1524666310340
"2,406,000,000",-8.703,jamm,1524666310343
"2,406,000,000",-21.478,jamm,1524666310373
"2,406,000,000",-20.07,jamm,1524666310446
"2,406,000,000",-13.406,jamm,1524666310981
"2,406,000,000",-18.431,jamm,1524666311120
"2,406,000,000",-23.431,jamm,1524666311226
"2,406,000,000",-9.85,jamm,1524666311418
"2,406,000,000",-13.219,jamm,1524666311577
"2,406,000,000",-20.573,jamm,1524666311975
"2,406,000,000",-11.069,jamm,1524666311986
"2,406,000,000",-15.285,jamm,1524666312463
"2,406,000,000",-20.764,jamm,1524666312476
"2,406,000,000",-23.881,jamm,1524666312526
"2,406,000,000",-18.504,jamm,1524666312765
"2,406,000,000",-19.123,jamm,1524666312779
"2,406,000,000",-21.239,jamm,1524666312893
"2,406,000,000",-18,jamm,1524666313574
"2,406,000,000",-19.029,jamm,1524666313627
"2,406,000,000",-21.884,jamm,1524666313644
"2,406,000,000",-11.717,jamm,1524666313695
"2,406,000,000",-9.85,jamm,1524666313755
"2,406,000,000",-18.311,jamm,1524666313981
"2,406,000,000",-15.749,jamm,1524666314151
"2,406,000,000",-22.103,jamm,1524666314178
"2,406,000,000",-20.603,jamm,1524666314501
"2,406,000,000",-18.736,jamm,1524666314599
"2,406,000,000",-21.056,jamm,1524666314623
"2,406,000,000",-13.604,jamm,1524666314845
"2,406,000,000",-23.262,jamm,1524666315122
"2,406,000,000",-8.893,jamm,1524666315287
"2,406,000,000",-20.313,jamm,1524666315585
"2,406,000,000",-21.585,jamm,1524666315666
"2,406,000,000",-17.601,jamm,1524666315801
"2,406,000,000",-15.196,jamm,1524666315947
"2,406,000,000",-21.054,jamm,1524666316427
"2,406,000,000",-21.086,jamm,1524666316450
"2,406,000,000",-22.329,jamm,1524666316532
"2,406,000,000",-22.092,jamm,1524666316658
"2,406,000,000",-18.294,jamm,1524666316689
"2,406,000,000",-24.401,jamm,1524666316731
"2,406,000,000",-19.505,jamm,1524666317155
"2,406,000,000",-13.792,jamm,1524666317338
"2,406,000,000",-22.128,jamm,1524666317454
"2,406,000,000",-18.869,jamm,1524666317519
"2,406,000,000",-21.467,jamm,1524666317628
"2,406,000,000",-13.391,jamm,1524666317800
"2,406,000,000",-24.504,jamm,1524666318218
"2,406,000,000",-18.892,jamm,1524666318454
"2,406,000,000",-18.665,jamm,1524666318569
"2,406,000,000",-20.524,jamm,1524666318626
"2,406,000,000",-21.868,jamm,1524666318898
"2,406,000,000",-14.93,jamm,1524666318974
"2,406,000,000",-20.5,jamm,1524666319350
"2,406,000,000",-23.945,jamm,1524666319369
"2,406,000,000",-18.71,jamm,1524666319396
"2,406,000,000",-13.981,jamm,1524666319421
"2,406,000,000",-12.644,jamm,1524666319842
"2,406,000,000",-9.992,jamm,1524666319921
"2,406,000,000",-19.285,jamm,1524666320234
"2,416,000,000",-16.452,jamm,1524666320373
"2,416,000,000",-17.947,jamm,1524666320562
"2,416,000,000",-14.043,jamm,1524666320727
"2,416,000,000",-11.898,jamm,1524666320779
"2,416,000,000",-20.924,jamm,1524666320998
"2,416,000,000",-17.614,jamm,1524666321143
"2,416,000,000",-18.182,jamm,1524666321291
"2,416,000,000",-9.991,jamm,1524666321439
"2,416,000,000",-22.389,jamm,1524666321565
"2,416,000,000",-20.667,jamm,1524666321737
"2,416,000,000",-19.601,jamm,1524666321950
"2,416,000,000",-20.477,jamm,1524666322193
"2,416,000,000",-10.671,jamm,1524666322442
"2,416,000,000",-22.778,jamm,1524666322637
"2,416,000,000",-11.167,jamm,1524666322641
"2,416,000,000",-17.693,jamm,1524666322706
"2,416,000,000",-14.917,jamm,1524666322854
"2,416,000,000",-14.261,jamm,1524666323469
"2,416,000,000",-17.838,jamm,1524666323490
"2,416,000,000",-21.026,jamm,1524666323630
"2,416,000,000",-22.141,jamm,1524666323663
"2,416,000,000",-14.348,jamm,1524666323816
"2,416,000,000",-12.254,jamm,1524666323883
"2,416,000,000",-14.662,jamm,1524666324116
"2,416,000,000",-24.966,jamm,1524666324220
"2,416,000,000",-19.715,jamm,1524666324435
"2,416,000,000",-22.449,jamm,1524666324532
"2,416,000,000",-22.207,jamm,1524666324648
"2,416,000,000",-20.533,jamm,1524666324859
"2,416,000,000",-14.078,jamm,1524666325195
"2,416,000,000",-22.737,jamm,1524666325518
"2,416,000,000",-21.088,jamm,1524666325536
"2,416,000,000",-18.398,jamm,1524666325540
"2,416,000,000",-24.281,jamm,1524666325621
"2,416,000,000",-19.501,jamm,1524666325886
"2,416,000,000",-17.036,jamm,1524666326319
"2,416,000,000",-19.34,jamm,1524666326478
"2,416,000,000",-16.227,jamm,1524666326639
"2,416,000,000",-15.443,jamm,1524666326757
"2,416,000,000",-21.806,jamm,1524666326822
"2,416,000,000",-13.935,jamm,1524666326842
"2,416,000,000",-21.27,jamm,1524666327220
"2,416,000,000",-17.44,jamm,1524666327308
"2,416,000,000",-19.022,jamm,1524666327335
"2,416,000,000",-24.615,jamm,1524666327789
"2,416,000,000",-17.456,jamm,1524666327840
"2,416,000,000",-21.03,jamm,1524666327973
"2,416,000,000",-23.747,jamm,1524666328129
"2,416,000,000",-20.402,jamm,1524666328191
"2,416,000,000",-12.302,jamm,1524666328206
"2,416,000,000",-24.931,jamm,1524666328353
"2,416,000,000",-17.44,jamm,1524666328408
"2,416,000,000",-20.217,jamm,1524666328986
"2,416,000,000",-19.501,jamm,1524666329178
"2,416,000,000",-13.842,jamm,1524666329384
"2,416,000,000",-11.103,jamm,1524666329600
"2,416,000,000",-18.894,jamm,1524666329731
"2,416,000,000",-13.564,jamm,1524666329765
"2,416,000,000",-8.933,jamm,1524666329881
"2,416,000,000",-17.825,jamm,1524666330272
"2,416,000,000",-12.804,jamm,1524666330528
"2,416,000,000",-19.059,jamm,1524666330571
"2,416,000,000",-21.904,jamm,1524666330723
"2,416,000,000",-17.657,jamm,1524666330778
"2,416,000,000",-19.05,jamm,1524666330952
"2,416,000,000",-8.756,jamm,1524666331255
"2,416,000,000",-12.804,jamm,1524666331296
"2,416,000,000",-22.135,jamm,1524666331309
"2,416,000,000",-14.049,jamm,1524666331402
"2,416,000,000",-21.086,jamm,1524666331473
"2,416,000,000",-21.063,jamm,1524666331930
"2,416,000,000",-19.357,jamm,1524666332406
"2,416,000,000",-21.031,jamm,1524666332704
"2,416,000,000",-11.167,jamm,1524749363171
"2,416,000,000",-21.709,jamm,1524749363246
"2,416,000,000",-11.763,jamm,1524749363562
"2,416,000,000",-15.208,jamm,1524749363882
"2,416,000,000",-15.646,jamm,1524749363902
"2,416,000,000",-24.188,jamm,1524749363986
"2,416,000,000",-15.563,jamm,1524749364315
"2,416,000,000",-23.469,jamm,1524749364410
"2,416,000,000",-17.323,jamm,1524749364418
"2,416,000,000",-13.219,jamm,1524749364516
"2,416,000,000",-22.185,jamm,1524749364586
"2,416,000,000",-21.708,jamm,1524749364760
"2,416,000,000",-14.298,jamm,1524749365100
"2,416,000,000",-14.222,jamm,1524749365253
"2,416,000,000",-24.148,jamm,1524749365267
"2,416,000,000",-19.893,jamm,1524749365307
"2,416,000,000",-13.67,jamm,1524749365532
"2,416,000,000",-20.904,jamm,1524749365796
"2,416,000,000",-10.559,jamm,1524749366114
"2,416,000,000",-22.035,jamm,1524749366542
"2,416,000,000",-16.949,jamm,1524749366545
"2,416,000,000",-13.22,jamm,1524749366547
"2,416,000,000",-21.003,jamm,1524749366719
"2,416,000,000",-19.74,jamm,1524749366769
"2,416,000,000",-18.232,jamm,1524749367154
"2,416,000,000",-17.607,jamm,1524749367531
"2,416,000,000",-9.991,jamm,1524749367561
"2,416,000,000",-14.309,jamm,1524749367667
"2,416,000,000",-21.705,jamm,1524749367925
"2,416,000,000",-23.053,jamm,1524749367994
"2,416,000,000",-24.646,jamm,1524749368210
"2,416,000,000",-17.839,jamm,1524749368241
"2,416,000,000",-8.982,jamm,1524749368391
"2,416,000,000",-17.734,jamm,1524749368628
"2,416,000,000",-20.643,jamm,1524749368660
"2,416,000,000",-20.801,jamm,1524749368912
"2,416,000,000",-21.959,jamm,1524749369219
"2,416,000,000",-21.125,jamm,1524749369377
"2,416,000,000",-16.198,jamm,1524749369427
"2,416,000,000",-16.715,jamm,1524749369477
"2,416,000,000",-16.722,jamm,1524749369825
"2,416,000,000",-8.807,jamm,1524749369906
"2,416,000,000",-19.533,jamm,1524749370407
"2,416,000,000",-18.425,jamm,1524749370493
"2,416,000,000",-10.927,jamm,1524749370533
"2,416,000,000",-16.31,jamm,1524749370542
"2,416,000,000",-19.291,jamm,1524749370721
"2,416,000,000",-17.654,jamm,1524749370738
"2,416,000,000",-16.157,jamm,1524749371345
"2,416,000,000",-20.768,jamm,1524749371351
"2,416,000,000",-21.369,jamm,1524749371466
"2,416,000,000",-21.899,jamm,1524749371476
"2,416,000,000",-16.157,jamm,1524749371523
"2,416,000,000",-17.866,jamm,1524749371854
"2,416,000,000",-21.376,jamm,1524749372341
"2,416,000,000",-21.92,jamm,1524749372469
"2,416,000,000",-19.499,jamm,1524749372480
"2,416,000,000",-15.458,jamm,1524749372570
"2,416,000,000",-20.76,jamm,1524749372808
"2,416,000,000",-17.845,jamm,1524749372997
"2,416,000,000",-13.368,jamm,1524749373342
"2,416,000,000",-10.807,jamm,1524749373454
"2,416,000,000",-9.791,jamm,1524749373479
"2,416,000,000",-17.67,jamm,1524749373607
"2,416,000,000",-22.891,jamm,1524749373718
"2,416,000,000",-20.43,jamm,1524749373876
"2,416,000,000",-13.229,jamm,1524749374168
"2,416,000,000",-11.196,jamm,1524749374563
"2,416,000,000",-15.458,jamm,1524749374587
"2,416,000,000",-22.423,jamm,1524749374628
"2,416,000,000",-24.504,jamm,1524749374759
"2,416,000,000",-18.01,jamm,1524749374877
"2,416,000,000",-11.125,jamm,1524749375158
"2,416,000,000",-19.471,jamm,1524749375293
"2,416,000,000",-9.211,jamm,1524749375573
"2,416,000,000",-10.213,jamm,1524749375870
"2,416,000,000",-13.977,jamm,1524749375927
"2,416,000,000",-21.581,jamm,1524749375928
"2,416,000,000",-22.092,jamm,1524749376225
"2,416,000,000",-18.051,jamm,1524749376248
"2,416,000,000",-19.252,jamm,1524749376503
"2,416,000,000",-21.076,jamm,1524749376686
"2,416,000,000",-23.521,jamm,1524749376912
"2,416,000,000",-14.924,jamm,1524749376954
"2,416,000,000",-20.34,jamm,1524749377229
"2,416,000,000",-21.837,jamm,1524749377430
"2,416,000,000",-21.109,jamm,1524749377461
"2,416,000,000",-12.875,jamm,1524749377528
"2,416,000,000",-18.054,jamm,1524749377529
"2,416,000,000",-9.85,jamm,1524749377927
"2,416,000,000",-22.365,jamm,1524749378290
"2,416,000,000",-17.662,jamm,1524749378303
"2,416,000,000",-22.537,jamm,1524749378494
"2,416,000,000",-12.808,jamm,1524749378562
"2,416,000,000",-16.372,jamm,1524749378585
"2,416,000,000",-16.465,jamm,1524749378974
"2,416,000,000",-17.201,jamm,1524749379161
"2,416,000,000",-8.913,jamm,1524749379212
"2,416,000,000",-11.689,jamm,1524749379314
"2,416,000,000",-11.13,jamm,1524749379460
"2,416,000,000",-10.559,jamm,1524749379488
"2,416,000,000",-21.326,jamm,1524749379826
"2,416,000,000",-20.07,jamm,1524749380437
"2,416,000,000",-13.899,jamm,1524749380518
"2,416,000,000",-21.239,jamm,1524749380606
"2,416,000,000",-14.166,jamm,1524749380687
"2,416,000,000",-20.927,jamm,1524749380720
"2,416,000,000",-16.333,jamm,1524749380736
"2,416,000,000",-12.9,jamm,1524749381113
"2,416,000,000",-16.777,jamm,1524749381227
"2,416,000,000",-22.207,jamm,1524749381322
"2,416,000,000",-12.804,jamm,1524749381331
"2,416,000,000",-16.021,jamm,1524749381598
"2,416,000,000",-20.949,jamm,1524749381831
"2,416,000,000",-19.446,jamm,1524749382365
"2,416,000,000",-15.443,jamm,1524749382611
"2,416,000,000",-21.129,jamm,1524749382652
"2,416,000,000",-22.014,jamm,1524749382670
"2,416,000,000",-20.377,jamm,1524749382680
"2,416,000,000",-16.733,jamm,1524749382870
"2,416,000,000",-22.001,jamm,1524749383363
"2,416,000,000",-20.667,jamm,1524749383458
"2,416,000,000",-17.248,jamm,1524749383765
"2,416,000,000",-14.023,jamm,1524749383847
"2,416,000,000",-19.734,jamm,1524749383887
"2,416,000,000",-20.984,jamm,1524749383911
"2,416,000,000",-22.373,jamm,1524749384183
"2,416,000,000",-14.899,jamm,1524749384259
"2,416,000,000",-22.743,jamm,1524749384565
"2,416,000,000",-19.176,jamm,1524749384691
"2,416,000,000",-12.928,jamm,1524749384840
"2,416,000,000",-17.286,jamm,1524749384880
"2,416,000,000",-13.37,jamm,1524749385385
"2,416,000,000",-22.326,jamm,1524749385558
"2,416,000,000",-13.083,jamm,1524749385603
"2,416,000,000",-15.853,jamm,1524749385877
"2,416,000,000",-17.023,jamm,1524749385897
"2,416,000,000",-21.03,jamm,1524749385905
"2,416,000,000",-21.144,jamm,1524749386138
"2,416,000,000",-18.094,jamm,1524749386371
"2,416,000,000",-8.83,jamm,1524749386488
"2,416,000,000",-17.817,jamm,1524749386550
"2,416,000,000",-21.103,jamm,1524749386563
"2,416,000,000",-20.313,jamm,1524749386692
"2,416,000,000",-19.284,jamm,1524749387195
"2,416,000,000",-9,jamm,1524749387297
"2,416,000,000",-20.377,jamm,1524749387334
"2,416,000,000",-17.599,jamm,1524749387658
"2,416,000,000",-17.023,jamm,1524749387677
"2,416,000,000",-12.866,jamm,1524749387913
"2,416,000,000",-22.622,jamm,1524749388263
"2,416,000,000",-21.886,jamm,1524749388289
"2,416,000,000",-17.323,jamm,1524749388304
"2,416,000,000",-22.207,jamm,1524749388631
"2,416,000,000",-22.208,jamm,1524749388791
"2,416,000,000",-13.008,jamm,1524749388801
"2,416,000,000",-13.624,jamm,1524749389119
"2,416,000,000",-20.985,jamm,1524749389309
"2,416,000,000",-19.839,jamm,1524749389310
"2,416,000,000",-13.391,jamm,1524749389452
"2,416,000,000",-19.615,jamm,1524749389720
"2,416,000,000",-20.94,jamm,1524749389838
"2,416,000,000",-20.662,jamm,1524749390471
"2,416,000,000",-20.402,jamm,1524749390518
"2,416,000,000",-19.224,jamm,1524749390741
"2,416,000,000",-20.932,jamm,1524749390887
"2,416,000,000",-21.045,jamm,1524749390927
"2,416,000,000",-24.857,jamm,1524749390977
"2,416,000,000",-13.276,jamm,1524749391133
"2,416,000,000",-22.174,jamm,1524749391441
"2,416,000,000",-18.555,jamm,1524749391466
"2,416,000,000",-13.124,jamm,1524749391555
"2,416,000,000",-19.472,jamm,1524749391556
"2,416,000,000",-16.505,jamm,1524749391914
"2,416,000,000",-13.45,jamm,1524749392358
"2,416,000,000",-17.469,jamm,1524749392535
"2,416,000,000",-18.148,jamm,1524749392693
"2,416,000,000",-9.417,jamm,1524749392739
"2,416,000,000",-17.286,jamm,1524749392875
"2,416,000,000",-9.981,jamm,1524749392936
"2,416,000,000",-19.797,jamm,1524749393205
"2,416,000,000",-11.416,jamm,1524749393553
"2,416,000,000",-14.683,jamm,1524749393854
"2,416,000,000",-10.412,jamm,1524749393893
"2,416,000,000",-21.031,jamm,1524749393910
"2,416,000,000",-17.669,jamm,1524749393949
"2,416,000,000",-21.783,jamm,1524749394284
"2,416,000,000",-18.817,jamm,1524749394442
"2,416,000,000",-21.868,jamm,1524749394473
"2,416,000,000",-19.518,jamm,1524749394523
"2,416,000,000",-18.443,jamm,1524749394622
"2,416,000,000",-21.056,jamm,1524749394905
"2,416,000,000",-23.365,jamm,1524749395336
"2,416,000,000",-14.248,jamm,1524749395429
"2,416,000,000",-15.443,jamm,1524749395441
"2,416,000,000",-21.209,jamm,1524749395648
"2,416,000,000",-12.299,jamm,1524749395767
"2,416,000,000",-14.095,jamm,1524749395971
"2,416,000,000",-12.53,jamm,1524749396113
"2,416,000,000",-8.858,jamm,1524749396223
"2,416,000,000",-24.646,jamm,1524749396492
"2,416,000,000",-18.122,jamm,1524749396690
"2,416,000,000",-12.635,jamm,1524749396787
"2,416,000,000",-18.086,jamm,1524749396951
"2,416,000,000",-8.847,jamm,1524749397297
"2,416,000,000",-17.628,jamm,1524749397339
"2,416,000,000",-20.701,jamm,1524749397547
"2,416,000,000",-12.526,jamm,1524749397615
"2,416,000,000",-23.729,jamm,1524749397791
"2,416,000,000",-17.047,jamm,1524749397965
"2,416,000,000",-21.703,jamm,1524749398162
"2,416,000,000",-10.272,jamm,1524749398707
"2,416,000,000",-15.285,jamm,1524749398791
"2,416,000,000",-14.808,jamm,1524835754691
"2,416,000,000",-20.485,jamm,1524835755187
"2,416,000,000",-17.562,jamm,1524835755342
"2,416,000,000",-13.674,jamm,1524835755365
"2,416,000,000",-18.811,jamm,1524835755689
"2,416,000,000",-21.228,jamm,1524835755845
"2,416,000,000",-13.992,jamm,1524835755869
"2,416,000,000",-13.219,jamm,1524835756216
"2,416,000,000",-15.68,jamm,1524835756274
"2,416,000,000",-21.92,jamm,1524835756376
"2,416,000,000",-17.664,jamm,1524835756397
"2,416,000,000",-17.125,jamm,1524835756412
"2,416,000,000",-11.271,jamm,1524835756590
"2,416,000,000",-17.712,jamm,1524835757145
"2,416,000,000",-21.218,jamm,1524835757333
"2,416,000,000",-15.647,jamm,1524835757461
"2,416,000,000",-23.673,jamm,1524835757508
"2,416,000,000",-24.966,jamm,1524835757789
"2,436,000,000",-17.84,jamm,1524835757825
"2,436,000,000",-20.932,jamm,1524835758118
"2,436,000,000",-21.886,jamm,1524835758770
"2,436,000,000",-15.788,jamm,1524835758782
"2,436,000,000",-20.126,jamm,1524835758830
"2,436,000,000",-21.78,jamm,1524835758900
"2,436,000,000",-17.907,jamm,1524835758949
"2,436,000,000",-8.751,jamm,1524835759193
"2,436,000,000",-21.196,jamm,1524835759616
"2,436,000,000",-23.945,jamm,1524835759620
"2,436,000,000",-21.872,jamm,1524835759646
"2,436,000,000",-22.564,jamm,1524835759719
"2,436,000,000",-15.083,jamm,1524835759910
"2,436,000,000",-22.475,jamm,1524835760150
"2,436,000,000",-18.816,jamm,1524835760258
"2,436,000,000",-13.899,jamm,1524835760304
"2,436,000,000",-20.274,jamm,1524835760635
"2,436,000,000",-22.103,jamm,1524835760967
"2,436,000,000",-9.453,jamm,1524835760998
"2,436,000,000",-20.066,jamm,1524835761199
"2,436,000,000",-23.881,jamm,1524835761550
"2,436,000,000",-19.797,jamm,1524835761594
"2,436,000,000",-18.297,jamm,1524835761709
"2,436,000,000",-19.894,jamm,1524835761721
"2,436,000,000",-10.064,jamm,1524835761846
"2,436,000,000",-17.212,jamm,1524835762298
"2,436,000,000",-16.487,jamm,1524835762300
"2,436,000,000",-16.518,jamm,1524835762410
"2,436,000,000",-19.55,jamm,1524835762492
"2,436,000,000",-17.036,jamm,1524835762555
"2,436,000,000",-20.643,jamm,1524835762827
"2,436,000,000",-21.38,jamm,1524839132154
"2,436,000,000",-23.747,jamm,1524839132296
"2,436,000,000",-15.083,jamm,1524839132643
"2,436,000,000",-20.959,jamm,1524839132832
"2,436,000,000",-13.343,jamm,1524839133223
"2,436,000,000",-18.037,jamm,1524839133283
"2,436,000,000",-23.365,jamm,1524839133290
"2,436,000,000",-22.431,jamm,1524839133383
"2,436,000,000",-17.17,jamm,1524839133425
"2,436,000,000",-20.957,jamm,1524839133911
"2,436,000,000",-14.082,jamm,1524839134147
"2,436,000,000",-16.657,jamm,1524839134247
"2,436,000,000",-22.505,jamm,1524839134436
"2,436,000,000",-18.187,jamm,1524839134525
"2,436,000,000",-13.339,jamm,1524839134731
"2,436,000,000",-20.851,jamm,1524839134863
"2,436,000,000",-13.616,jamm,1524839135176
"2,436,000,000",-13.945,jamm,1524839135227
"2,436,000,000",-21.121,jamm,1524839135368
"2,436,000,000",-18.068,jamm,1524839135571
"2,436,000,000",-20.289,jamm,1524839135652
"2,436,000,000",-19.723,jamm,1524839135879
"2,436,000,000",-17.763,jamm,1524839136192
"2,436,000,000",-18.726,jamm,1524839136232
"2,436,000,000",-20.862,jamm,1524839136461
"2,436,000,000",-15.458,jamm,1524839136485
"2,436,000,000",-18.284,jamm,1524839136488
"2,436,000,000",-21.837,jamm,1524839136592
"2,436,000,000",-17.636,jamm,1524839137346
"2,436,000,000",-20.927,jamm,1524839137420
"2,436,000,000",-17.257,jamm,1524839137423
"2,436,000,000",-21.079,jamm,1524839137506
"2,436,000,000",-16.825,jamm,1524839137618
"2,436,000,000",-24.981,jamm,1524839137626
"2,436,000,000",-8.753,jamm,1524839138127
"2,436,000,000",-15.546,jamm,1524839138393
"2,436,000,000",-18.135,jamm,1524839138567
"2,436,000,000",-17.491,jamm,1524839138638
"2,436,000,000",-13.245,jamm,1524839138689
"2,436,000,000",-16.802,jamm,1524839138900
"2,436,000,000",-21.102,jamm,1524839139185
"2,436,000,000",-23.307,jamm,1524839139229
"2,436,000,000",-19.533,jamm,1524839139355
"2,436,000,000",-20.034,jamm,1524839139431
"2,436,000,000",-12.702,jamm,1524839139719
"2,436,000,000",-18.529,jamm,1524839139975
"2,436,000,000",-7.472,jamm,1524839140146
"2,436,000,000",-19.659,jamm,1524839140358
"2,436,000,000",-14.353,jamm,1524839140367
"2,436,000,000",-21.716,jamm,1524839140490
"2,436,000,000",-20.044,jamm,1524839140540
"2,436,000,000",-21.509,jamm,1524839140889
"2,436,000,000",-22.235,jamm,1524839141389
"2,436,000,000",-18.564,jamm,1524839141411
"2,436,000,000",-16.722,jamm,1524839141489
"2,436,000,000",-19.647,jamm,1524839141670
"2,436,000,000",-22.284,jamm,1524839141685
"2,436,000,000",-21.681,jamm,1524839141993
"2,436,000,000",-18.823,jamm,1524839142166
"2,436,000,000",-8.984,jamm,1524839142465
"2,436,000,000",-14.431,jamm,1524839142609
"2,436,000,000",-18.16,jamm,1524839142740
"2,436,000,000",-8.943,jamm,1524839142876
"2,436,000,000",-17.793,jamm,1524839142945
"2,436,000,000",-22.285,jamm,1524839143291
"2,436,000,000",-12.556,jamm,1524839143376
"2,436,000,000",-22.451,jamm,1524839143488
"2,436,000,000",-14.811,jamm,1524839143658
"2,436,000,000",-21.178,jamm,1524839143810
"2,436,000,000",-22.128,jamm,1524839143935
"2,436,000,000",-18.157,jamm,1524839144189
"2,436,000,000",-17.556,jamm,1524839144323
"2,436,000,000",-17.796,jamm,1524839144439
"2,436,000,000",-16.069,jamm,1524839144663
"2,436,000,000",-14.084,jamm,1524839144872
"2,436,000,000",-11.901,jamm,1524839144873
"2,436,000,000",-16.421,jamm,1524839145184
"2,436,000,000",-22.505,jamm,1524839145303
"2,436,000,000",-21.27,jamm,1524839145413
"2,436,000,000",-13.905,jamm,1524839145510
"2,436,000,000",-20.185,jamm,1524839145627
"2,436,000,000",-17.44,jamm,1524839145918
"2,436,000,000",-20.147,jamm,1524839146329
"2,436,000,000",-23.053,jamm,1524839146384
"2,436,000,000",-19.564,jamm,1524839146385
"2,436,000,000",-19.322,jamm,1524839146547
"2,436,000,000",-19.203,jamm,1524839146872
"2,436,000,000",-9.099,jamm,1524839146893
"2,436,000,000",-22.118,jamm,1524839147387
"2,436,000,000",-18.125,jamm,1524839147426
"2,436,000,000",-12.201,jamm,1524839147504
"2,436,000,000",-19.323,jamm,1524839147540
"2,436,000,000",-8.774,jamm,1524839147653
"2,436,000,000",-20.945,jamm,1524839147671
"2,436,000,000",-8.861,jamm,1524839148327
"2,436,000,000",-21.58,jamm,1524839148544
"2,436,000,000",-13.792,jamm,1524839148659
"2,436,000,000",-22.467,jamm,1524839148756
"2,436,000,000",-24.981,jamm,1524839148937
"2,436,000,000",-19.005,jamm,1524839148981
"2,436,000,000",-21.564,jamm,1524839149162
"2,436,000,000",-13.954,jamm,1524839149381
"2,436,000,000",-13.977,jamm,1524839149464
"2,436,000,000",-9.85,jamm,1524839149580
"2,436,000,000",-8.911,jamm,1524839149953
"2,436,000,000",-22.743,jamm,1524839149954
"2,436,000,000",-22.537,jamm,1524839150264
"2,436,000,000",-17.864,jamm,1524839150380
"2,436,000,000",-22.3,jamm,1524839150558
"2,436,000,000",-14.493,jamm,1524839150576
"2,436,000,000",-12.784,jamm,1524839150638
"2,436,000,000",-19.165,jamm,1524839150736
"2,436,000,000",-22.3,jamm,1524839151419
"2,436,000,000",-22.023,jamm,1524839151452
"2,436,000,000",-11.689,jamm,1524839151457
"2,436,000,000",-18.789,jamm,1524839151823
"2,436,000,000",-10.013,jamm,1524839151932
"2,436,000,000",-20.667,jamm,1524839151970
"2,436,000,000",-14.951,jamm,1524839152229
"2,436,000,000",-21.727,jamm,1524839152304
"2,436,000,000",-21.217,jamm,1524839152552
"2,436,000,000",-18.781,jamm,1524839152938
"2,436,000,000",-21.222,jamm,1524839152948
"2,436,000,000",-23.365,jamm,1524839152949
"2,436,000,000",-19.414,jamm,1524839153106
"2,436,000,000",-18.813,jamm,1524839153247
"2,436,000,000",-20.818,jamm,1524839153303
"2,436,000,000",-18.594,jamm,1524839153824
"2,436,000,000",-23.668,jamm,1524839153893
"2,436,000,000",-14.251,jamm,1524839153935
"2,436,000,000",-20.494,jamm,1524839154152
"2,436,000,000",-20.073,jamm,1524839154645
"2,436,000,000",-15.285,jamm,1524839154733
"2,436,000,000",-17.511,jamm,1524839154824
"2,436,000,000",-14.93,jamm,1524839154926
"2,436,000,000",-21.189,jamm,1524839154976
"2,436,000,000",-8.681,jamm,1524839155147
"2,436,000,000",-22.233,jamm,1524839155311
"2,436,000,000",-13.308,jamm,1524839155379
"2,436,000,000",-9.542,jamm,1524839155411
"2,436,000,000",-18.566,jamm,1524839155566
"2,436,000,000",-22.545,jamm,1524839155941
"2,436,000,000",-19.485,jamm,1524839156195
"2,436,000,000",-22.047,jamm,1524839156211
"2,436,000,000",-19.257,jamm,1524839156477
"2,436,000,000",-21.131,jamm,1524839156535
"2,436,000,000",-20.118,jamm,1524839156802
"2,436,000,000",-21.437,jamm,1524839156888
"2,436,000,000",-18.16,jamm,1524839157136
"2,436,000,000",-17.941,jamm,1524839157207
"2,436,000,000",-12.952,jamm,1524839157566
"2,436,000,000",-21.868,jamm,1524839157635
"2,436,000,000",-23.085,jamm,1524839157861
"2,436,000,000",-10.869,jamm,1524839157890
"2,436,000,000",-19.043,jamm,1524839158337
"2,436,000,000",-18.065,jamm,1524839158377
"2,436,000,000",-7.566,jamm,1524839158452
"2,436,000,000",-22.311,jamm,1524839158610
"2,436,000,000",-11.199,jamm,1524839158702
"2,436,000,000",-13.886,jamm,1524839158839
"2,436,000,000",-22.001,jamm,1524839170533
"2,436,000,000",-23.397,jamm,1524839170688
"2,436,000,000",-19.459,jamm,1524839170772
"2,436,000,000",-9.079,jamm,1524839170805
"2,436,000,000",-21.142,jamm,1524839170855
"2,436,000,000",-15.268,jamm,1524839170866
"2,436,000,000",-19.232,jamm,1524839171515
"2,436,000,000",-19.029,jamm,1524937180039
"2,436,000,000",-22.055,jamm,1524937180039
"2,436,000,000",-22.349,jamm,1524937180039
"2,436,000,000",-21.005,jamm,1524937180039
"2,436,000,000",-22.055,jamm,1524937180059
"2,436,000,000",-18.724,jamm,1524937180059
"2,436,000,000",-17.678,jamm,1524937180059
"2,436,000,000",-16.793,jamm,1524937180059
"2,436,000,000",-19.572,jamm,1524937180341
"2,436,000,000",-22.622,jamm,1524937180341
"2,436,000,000",-16.568,jamm,1524937180341
"2,436,000,000",-12.141,jamm,1524937181039
"2,436,000,000",-21.271,jamm,1524937181039
"2,436,000,000",-21.418,jamm,1524937181039
"2,436,000,000",-17.39,jamm,1524937181039
"2,436,000,000",-22.103,jamm,1524937181039
"2,436,000,000",-22.24,jamm,1524937181059
"2,436,000,000",-18.451,jamm,1524937181059
"2,436,000,000",-19.029,jamm,1524937181059
"2,436,000,000",-24.793,jamm,1524937181059
"2,436,000,000",-18.081,jamm,1524937181341
"2,436,000,000",-17.958,jamm,1524937181341
"2,436,000,000",-13.32,jamm,1524937181341
"2,436,000,000",-20.883,jamm,1524937182039
"2,436,000,000",-21.914,jamm,1524937182039
"2,436,000,000",-9.542,jamm,1524937182039
"2,436,000,000",-19.464,jamm,1524937182039
"2,436,000,000",-24.888,jamm,1524937182059
"2,436,000,000",-22.462,jamm,1524937182059
"2,436,000,000",-16.216,jamm,1524937182059
"2,436,000,000",-17.726,jamm,1524937182059
"2,436,000,000",-20.943,jamm,1524937182341
"2,436,000,000",-17.71,jamm,1524937182341
"2,436,000,000",-14.998,jamm,1524937182341
"2,436,000,000",-19.192,jamm,1524937183039
"2,436,000,000",-20.237,jamm,1524937183039
"2,436,000,000",-15.853,jamm,1524937183039
"2,436,000,000",-22.053,jamm,1524937183059
"2,436,000,000",-10.878,jamm,1524937183059
"2,436,000,000",-8.97,jamm,1524937183341
"2,436,000,000",-19.749,jamm,1524937184039
"2,436,000,000",-24.684,jamm,1524937184039
"2,436,000,000",-18.968,jamm,1524937184039
"2,436,000,000",-17.581,jamm,1524937184039
"2,436,000,000",-8.805,jamm,1524937184059
"2,436,000,000",-18.639,jamm,1524937184059
"2,436,000,000",-8.719,jamm,1524937184059
"2,436,000,000",-10.219,jamm,1524937184059
"2,436,000,000",-22.214,jamm,1524937184341
"2,436,000,000",-12.962,jamm,1524937184341
"2,436,000,000",-20.207,jamm,1524937184341
"2,436,000,000",-14.655,jamm,1524937185039
"2,436,000,000",-12.004,jamm,1524937185039
"2,436,000,000",-19.526,jamm,1524937185039
"2,436,000,000",-14.252,jamm,1524937185059
"2,436,000,000",-10.264,jamm,1524937185059
"2,436,000,000",-14.818,jamm,1524937185059
"2,436,000,000",-21.205,jamm,1524937185341
"2,436,000,000",-19.881,jamm,1524937185341
"2,436,000,000",-22.622,jamm,1524937186039
"2,436,000,000",-22.302,jamm,1524937186039
"2,436,000,000",-19.763,jamm,1524937186059
"2,436,000,000",-8.781,jamm,1524937186059
"2,436,000,000",-16.479,jamm,1524937186341