"908,420,000",-21.161,jamm,1524142660256
"908,420,000",-17.279,jamm,1524142660748
"908,420,000",-21.171,jamm,1524142660754
"908,420,000",-22.135,jamm,1524142660765
"908,420,000",-17.949,jamm,1524142661320
"908,420,000",-9.149,jamm,1524142661498
"908,420,000",-14.326,jamm,1524142661546
"908,420,000",-18.816,jamm,1524142661660
"908,420,000",-20.131,jamm,1524142661750
"908,420,000",-20.662,jamm,1524142661996
"908,420,000",-20.797,jamm,1524142662267
"908,420,000",-18.232,jamm,1524142662443
"908,420,000",-13.485,jamm,1524142662611
"908,420,000",-17.697,jamm,1524142662787
"908,420,000",-14.968,jamm,1524142662789
"908,420,000",-20.152,jamm,1524142662863
"908,420,000",-21.761,jamm,1524142663149
"908,420,000",-10.335,jamm,1524142663326
"908,420,000",-21.083,jamm,1524142663508
"908,420,000",-21.407,jamm,1524142663604
"908,420,000",-21.783,jamm,1524142663668
"908,420,000",-17.831,jamm,1524142663815
"908,420,000",-20.313,jamm,1524142664189
"908,420,000",-13.537,jamm,1524142664763
"908,420,000",-18.153,jamm,1524142664781
"908,420,000",-18.894,jamm,1524142664869
"908,420,000",-18.404,jamm,1524142664984
"908,420,000",-18.039,jamm,1524142664999
"908,420,000",-18.028,jamm,1524142665272
"908,420,000",-19.192,jamm,1524142665344
"908,420,000",-22.208,jamm,1524142665413
"908,420,000",-19.828,jamm,1524142665453
"908,420,000",-9.082,jamm,1524142665516
"908,420,000",-21.463,jamm,1524142665809
"908,420,000",-14.074,jamm,1524142666233
"908,420,000",-21.083,jamm,1524142666314
"908,420,000",-20.838,jamm,1524142666373
"908,420,000",-21.528,jamm,1524142666394
"908,420,000",-8.861,jamm,1524142666557
"908,420,000",-20.601,jamm,1524142666717
"908,420,000",-21.222,jamm,1524142667165
"908,420,000",-9,jamm,1524142667322
"908,420,000",-19.525,jamm,1524142667627
"908,420,000",-20.164,jamm,1524142667768
"908,420,000",-20.77,jamm,1524142667813
"908,420,000",-18.681,jamm,1524142667859
"908,420,000",-14.749,jamm,1524142668411
"908,420,000",-21.127,jamm,1524142668463
"908,420,000",-20.39,jamm,1524142668649
"908,420,000",-13.32,jamm,1524142668655
"908,420,000",-21.446,jamm,1524142668748
"908,420,000",-8.844,jamm,1524142668839
"908,420,000",-13.415,jamm,1524142669122
"908,420,000",-20.285,jamm,1524142669133
"908,420,000",-20.614,jamm,1524142669142
"908,420,000",-21.1,jamm,1524142669550
"908,420,000",-8.934,jamm,1524142669609
"908,420,000",-18.603,jamm,1524142669686
"908,420,000",-14.797,jamm,1524142670172
"908,420,000",-21.178,jamm,1524142670422
"908,420,000",-8.719,jamm,1524142670602
"908,420,000",-21.121,jamm,1524142670717
"908,420,000",-19.553,jamm,1524142670912
"908,420,000",-11.963,jamm,1524142670923
"908,420,000",-11.82,jamm,1524142671111
"908,420,000",-17.831,jamm,1524142671348
"908,420,000",-19.029,jamm,1524142671512
"908,420,000",-21.217,jamm,1524142671660
"908,420,000",-14.222,jamm,1524142671702
"908,420,000",-13.43,jamm,1524142671914
"908,420,000",-20.962,jamm,1524142672388
"908,420,000",-17.654,jamm,1524142672548
"908,420,000",-17.253,jamm,1524142672711
"908,420,000",-18.968,jamm,1524142672859
"908,420,000",-11.843,jamm,1524142672879
"908,420,000",-12.206,jamm,1524142672978
"908,420,000",-17.504,jamm,1524142673103
"908,420,000",-20.289,jamm,1524142673118
"908,420,000",-22.449,jamm,1524142673214
"908,420,000",-19.43,jamm,1524142673380
"908,420,000",-11.732,jamm,1524142673808
"908,420,000",-22.233,jamm,1524142673945
"908,420,000",-19.095,jamm,1524142674226
"908,420,000",-20.078,jamm,1524142674237
"908,420,000",-19.77,jamm,1524142674265
"908,420,000",-18.868,jamm,1524142674392
"908,420,000",-17.444,jamm,1524142674848
"908,420,000",-18.626,jamm,1524142674943
"908,420,000",-20.773,jamm,1524142675235
"908,420,000",-20.851,jamm,1524142675242
"908,420,000",-20.359,jamm,1524142675565
"908,420,000",-14.023,jamm,1524142675604
"908,420,000",-12.019,jamm,1524142675758
"908,420,000",-18.453,jamm,1524142675773
"908,420,000",-12.73,jamm,1524142676259
"908,420,000",-12.526,jamm,1524142676445
"908,420,000",-22.298,jamm,1524142676736
"908,420,000",-12.017,jamm,1524142676865
"908,420,000",-18.148,jamm,1524142676898
"908,420,000",-20.862,jamm,1524142676964
"908,420,000",-21.379,jamm,1524142677162
"908,420,000",-13.339,jamm,1524142677266
"908,420,000",-11.728,jamm,1524142677308
"908,420,000",-20.79,jamm,1524142677567
"908,420,000",-20.989,jamm,1524142677879
"908,420,000",-16.611,jamm,1524142677889
"908,420,000",-22.267,jamm,1524142678132
"908,420,000",-20.393,jamm,1524142678223
"908,420,000",-17.506,jamm,1524142678253
"908,420,000",-20.375,jamm,1524142678278
"908,420,000",-17.325,jamm,1524142678349
"908,420,000",-18.599,jamm,1524142678570
"908,420,000",-20.366,jamm,1524142690568
"908,420,000",-13.406,jamm,1524142690677
"908,420,000",-20.887,jamm,1524142690799
"908,420,000",-13.539,jamm,1524142690919
"908,420,000",-20.818,jamm,1524142690925
"908,420,000",-13.321,jamm,1524142690934
"908,420,000",-22.307,jamm,1524142691136
"908,420,000",-14.248,jamm,1524142691194
"908,420,000",-13.649,jamm,1524142691437
"908,420,000",-12.644,jamm,1524142691499
"908,420,000",-13.051,jamm,1524142691749
"908,420,000",-19.894,jamm,1524142691754
"908,420,000",-12.448,jamm,1524142692229
"908,420,000",-12.866,jamm,1524142692513
"908,420,000",-19.81,jamm,1524142692554
"908,420,000",-21.709,jamm,1524142692589
"908,420,000",-19.869,jamm,1524142692820
"908,420,000",-18.564,jamm,1524142692917
"908,420,000",-13.483,jamm,1524142693318
"908,420,000",-17.839,jamm,1524142693888
"908,420,000",-18.6,jamm,1524240632301
"908,420,000",-17.511,jamm,1524240632765
"908,420,000",-20.089,jamm,1524240632971
"908,420,000",-18,jamm,1524240633159
"908,420,000",-19.031,jamm,1524240633275
"908,420,000",-8.889,jamm,1524240633613
"908,420,000",-14.353,jamm,1524240633657
"908,420,000",-18.182,jamm,1524240633775
"908,420,000",-14.183,jamm,1524240633811
"908,420,000",-12.9,jamm,1524240634174
"908,420,000",-21.228,jamm,1524240634194
"908,420,000",-18.375,jamm,1524240634254
"908,420,000",-8.858,jamm,1524240634464
"908,420,000",-17.212,jamm,1524240634625
"908,420,000",-15.295,jamm,1524240634690
"908,420,000",-20.927,jamm,1524240635119
"908,420,000",-18.953,jamm,1524240635294
"908,420,000",-11.196,jamm,1524240635529
"908,420,000",-8.898,jamm,1524240635711
"908,420,000",-14.159,jamm,1524240635797
"908,420,000",-17.973,jamm,1524240635852
"908,420,000",-14.788,jamm,1524240636206
"908,420,000",-18.594,jamm,1524240636336
"908,420,000",-14.309,jamm,1524240636340
"908,420,000",-19.763,jamm,1524240636748
"908,420,000",-21.52,jamm,1524240636805
"908,420,000",-8.874,jamm,1524240636810
"908,420,000",-19.608,jamm,1524240637241
"908,420,000",-20.964,jamm,1524240637266
"908,420,000",-20.044,jamm,1524240637382
"908,420,000",-14.008,jamm,1524240637643
"908,420,000",-8.805,jamm,1524240637730
"908,420,000",-21.037,jamm,1524240637943
"908,420,000",-21.125,jamm,1524240638132
"908,420,000",-8.984,jamm,1524240638220
"908,420,000",-14.951,jamm,1524240638358
"908,420,000",-21.358,jamm,1524240638562
"908,420,000",-19.123,jamm,1524240638653
"908,420,000",-18.57,jamm,1524240638763
"908,420,000",-20.922,jamm,1524240639160
"908,420,000",-18.208,jamm,1524240639375
"908,420,000",-21.658,jamm,1524240639533
"908,420,000",-21.437,jamm,1524240639679
"908,420,000",-14.113,jamm,1524240639970
"908,420,000",-14.043,jamm,1524240639998
"908,420,000",-20.798,jamm,1524240640349
"908,420,000",-17.125,jamm,1524240640418
"908,420,000",-21.635,jamm,1524240640426
"908,420,000",-17.201,jamm,1524240640611
"908,420,000",-13.899,jamm,1524240640773
"908,420,000",-21.697,jamm,1524240640959
"908,420,000",-17.562,jamm,1524240641126
"908,420,000",-18.065,jamm,1524240641134
"908,420,000",-18.724,jamm,1524240641194
"908,420,000",-10.266,jamm,1524240641419
"908,420,000",-13.984,jamm,1524240641664
"908,420,000",-20.768,jamm,1524240641973
"908,420,000",-18.399,jamm,1524240642628
"908,420,000",-12.197,jamm,1524240642788
"908,420,000",-21.005,jamm,1524240642809
"908,420,000",-16.793,jamm,1524240642815
"908,420,000",-15.226,jamm,1524240642833
"908,420,000",-19.371,jamm,1524240642901
"908,420,000",-11.491,jamm,1524240643261
"908,420,000",-19.459,jamm,1524240643322
"908,420,000",-18.816,jamm,1524240643516
"908,420,000",-21.133,jamm,1524240643608
"908,420,000",-14.095,jamm,1524240643859
"908,420,000",-19.31,jamm,1524240643929
"908,420,000",-21.857,jamm,1524240644109
"908,420,000",-21.773,jamm,1524240644309
"908,420,000",-18.869,jamm,1524240644495
"908,420,000",-20.924,jamm,1524240644571
"908,420,000",-8.997,jamm,1524240644725
"908,420,000",-17.263,jamm,1524240644950
"908,420,000",-17.755,jamm,1524240645311
"908,420,000",-18.945,jamm,1524240645510
"908,420,000",-8.933,jamm,1524240645602
"908,420,000",-13.937,jamm,1524240645639
"908,420,000",-22.197,jamm,1524240645874
"908,420,000",-13.792,jamm,1524240645936
"908,420,000",-16.712,jamm,1524240646285
"908,420,000",-18.896,jamm,1524240646388
"908,420,000",-14.429,jamm,1524240646533
"908,420,000",-18.243,jamm,1524240646656
"908,420,000",-18.018,jamm,1524240646763
"908,420,000",-21.03,jamm,1524240646983
"908,420,000",-20.034,jamm,1524240647294
"908,420,000",-11.31,jamm,1524240647598
"908,420,000",-18.504,jamm,1524240647887
"908,420,000",-11.212,jamm,1524240647917
"908,420,000",-17.958,jamm,1524240647968
"908,420,000",-17.31,jamm,1524240647975
"908,420,000",-19.881,jamm,1524240648462
"908,420,000",-9.526,jamm,1524240648573
"908,420,000",-11.901,jamm,1524240648576
"908,420,000",-19.043,jamm,1524240648612
"908,420,000",-20.408,jamm,1524240648687
"908,420,000",-21.49,jamm,1524240648704
"908,420,000",-22.349,jamm,1524240649133
"908,420,000",-12.962,jamm,1524240649137
"908,420,000",-14.334,jamm,1524240649624
"908,420,000",-16.969,jamm,1524240649798
"908,420,000",-21.397,jamm,1524240649933
"908,420,000",-21.063,jamm,1524240649966
"908,420,000",-13.26,jamm,1524240650343
"908,420,000",-18.785,jamm,1524240650370
"908,420,000",-18.555,jamm,1524240650414
"908,420,000",-17.913,jamm,1524240650544
"908,420,000",-21.359,jamm,1524240650605
"908,420,000",-9.453,jamm,1524240650690
"908,420,000",-19.797,jamm,1524240651128
"908,420,000",-16.925,jamm,1524240651473
"908,420,000",-11.039,jamm,1524240651480
"908,420,000",-15.272,jamm,1524240651623
"908,420,000",-19.925,jamm,1524240651967
"908,420,000",-19.188,jamm,1524240651972
"908,420,000",-18.086,jamm,1524240652353
"908,420,000",-18.135,jamm,1524240652504
"908,420,000",-20.622,jamm,1524240652567
"908,420,000",-10.902,jamm,1524240652605
"908,420,000",-12.538,jamm,1524240652693
"908,420,000",-21.904,jamm,1524240652817
"908,420,000",-19.34,jamm,1524240653116
"908,420,000",-14.497,jamm,1524240653354
"908,420,000",-20.367,jamm,1524240653414
"908,420,000",-10.927,jamm,1524240653600
"908,420,000",-13.878,jamm,1524240653885
"908,420,000",-22.273,jamm,1524240653944
"908,420,000",-20.115,jamm,1524240654340
"908,420,000",-20.57,jamm,1524240654430
"908,420,000",-18.236,jamm,1524240654441
"908,420,000",-13.235,jamm,1524240654518
"908,420,000",-21.581,jamm,1524240654871
"908,420,000",-16.1,jamm,1524240654920
"908,420,000",-19.658,jamm,1524240655257
"908,420,000",-22.475,jamm,1524240655283
"908,420,000",-16.157,jamm,1524240655332
"908,420,000",-19.147,jamm,1524240655357
"908,420,000",-9.079,jamm,1524240655508
"908,420,000",-12.15,jamm,1524240655783
"908,420,000",-16.161,jamm,1524240656250
"908,420,000",-18.36,jamm,1524240656560
"908,420,000",-13.031,jamm,1524240656609
"908,420,000",-19.224,jamm,1524240656793
"908,420,000",-13.13,jamm,1524240656815
"908,420,000",-18.639,jamm,1524240656950
"908,420,000",-20.809,jamm,1524240657287
"908,420,000",-16.218,jamm,1524240657590
"908,420,000",-19.486,jamm,1524240657707
"908,420,000",-21.132,jamm,1524240657711
"908,420,000",-17.784,jamm,1524240657885
"908,420,000",-14.588,jamm,1524240657898
"908,420,000",-21.129,jamm,1524240658109
"908,420,000",-11.499,jamm,1524240658443
"908,420,000",-14.248,jamm,1524240658455
"908,420,000",-20.945,jamm,1524240658593
"908,420,000",-21.686,jamm,1524240658646
"908,420,000",-16.06,jamm,1524240658772
"908,420,000",-19.893,jamm,1524240670412
"908,420,000",-13.386,jamm,1524240670458
"908,420,000",-20.984,jamm,1524240670680
"908,420,000",-14.811,jamm,1524240670757
"908,420,000",-8.97,jamm,1524240670970
"908,420,000",-18.294,jamm,1524240670973
"908,420,000",-20.525,jamm,1524240671235
"908,420,000",-16.227,jamm,1524240671539
"908,420,000",-21.406,jamm,1524240671591
"908,420,000",-22.24,jamm,1524240671655
"908,420,000",-17.712,jamm,1524240671684
"908,420,000",-10.708,jamm,1524240671839
"908,420,000",-9.158,jamm,1524240672146
"908,420,000",-16.949,jamm,1524240672427
"908,420,000",-21.331,jamm,1524240672455
"908,420,000",-20.622,jamm,1524240672601
"908,420,000",-13.256,jamm,1524240672808
"908,420,000",-20.629,jamm,1524240672835
"908,420,000",-19.711,jamm,1524240673186
"908,420,000",-21.631,jamm,1524240673191
"908,420,000",-17.887,jamm,1524240673446
"908,420,000",-8.931,jamm,1524240673685
"908,420,000",-20.21,jamm,1524240673708
"908,420,000",-13.604,jamm,1524240673753
"908,420,000",-12.595,jamm,1524240674254
"908,420,000",-9.981,jamm,1524240674341
"908,420,000",-11.763,jamm,1524240674503
"908,420,000",-12.9,jamm,1524240674688
"908,420,000",-14.701,jamm,1524240674833
"908,420,000",-17.915,jamm,1524240674919
"908,420,000",-10.807,jamm,1524240675193
"908,420,000",-17.858,jamm,1524240675293
"908,420,000",-12.792,jamm,1524240675379
"908,420,000",-17.677,jamm,1524240675523
"908,420,000",-21.778,jamm,1524240675579
"908,420,000",-11.167,jamm,1524240675749
"908,420,000",-16.429,jamm,1524240676109
"908,420,000",-16.263,jamm,1524240676227
"908,420,000",-22.262,jamm,1524240676227
"908,420,000",-22.251,jamm,1524240676653
"908,420,000",-22.087,jamm,1524240676756
"908,420,000",-14.356,jamm,1524240676792
"908,420,000",-8.963,jamm,1524240677106
"908,420,000",-17.766,jamm,1524240677235
"908,420,000",-21.754,jamm,1524240677394
"908,420,000",-18.068,jamm,1524240677602
"908,420,000",-17.799,jamm,1524240677874
"908,420,000",-22.159,jamm,1524240677894
"908,420,000",-10.671,jamm,1524240678146
"908,420,000",-14.983,jamm,1524240678432
"908,420,000",-12.961,jamm,1524240678630
"908,420,000",-13.434,jamm,1524240678767
"908,420,000",-21.026,jamm,1524240678772
"908,420,000",-17.165,jamm,1524240678907
"908,420,000",-17.149,jamm,1524240679115
"908,420,000",-17.579,jamm,1524240679417
"908,420,000",-11.792,jamm,1524240679488
"908,420,000",-15.546,jamm,1524240679500
"908,420,000",-12.767,jamm,1524240679856
"908,420,000",-17.864,jamm,1524240679896
"908,420,000",-10.869,jamm,1524240680131
"908,420,000",-14.348,jamm,1524240680231
"908,420,000",-21.017,jamm,1524240680393
"908,420,000",-21.274,jamm,1524240680573
"908,420,000",-12.121,jamm,1524240680986
"908,420,000",-19.252,jamm,1524240680990
"908,420,000",-10.617,jamm,1524240681313
"908,420,000",-10.013,jamm,1524240681469
"908,420,000",-16.487,jamm,1524240681616
"908,420,000",-11.778,jamm,1524240681672
"908,420,000",-13.014,jamm,1524240681768
"908,420,000",-19.692,jamm,1524240681805
"908,420,000",-12.635,jamm,1524240682113
"908,420,000",-13.229,jamm,1524240682388
"908,420,000",-19.749,jamm,1524240682653
"908,420,000",-12.816,jamm,1524240682657
"908,420,000",-13.276,jamm,1524308270297
"908,420,000",-21.349,jamm,1524308270510
"908,420,000",-21.12,jamm,1524308270640
"908,420,000",-21.703,jamm,1524308271332
"908,420,000",-22.066,jamm,1524308271419
"908,420,000",-15.5,jamm,1524308271571
"908,420,000",-19.167,jamm,1524308271633
"908,420,000",-21.408,jamm,1524308271817
"908,420,000",-8.851,jamm,1524308271830
"908,420,000",-21.48,jamm,1524308272291
"908,420,000",-18.625,jamm,1524308272561
"908,420,000",-9.742,jamm,1524308272649
"908,420,000",-19.255,jamm,1524308272667
"908,420,000",-19.687,jamm,1524308272735
"908,420,000",-15.427,jamm,1524308272923
"908,420,000",-15.68,jamm,1524308273167
"908,420,000",-22.489,jamm,1524308273231
"908,420,000",-11.277,jamm,1524308273426
"908,420,000",-19.894,jamm,1524308273638
"908,420,000",-19.524,jamm,1524308273829
"908,420,000",-12.299,jamm,1524308273950
"908,420,000",-19.524,jamm,1524308274160
"908,420,000",-15.749,jamm,1524308274646
"908,420,000",-19.306,jamm,1524308274741
"908,420,000",-19.589,jamm,1524308274747
"908,420,000",-15.569,jamm,1524308274839
"908,420,000",-19.064,jamm,1524308274871
"908,420,000",-17.177,jamm,1524308275215
"908,420,000",-17.618,jamm,1524308275380
"908,420,000",-13.22,jamm,1524308275587
"908,420,000",-19.337,jamm,1524308275725
"908,420,000",-18.531,jamm,1524308275739
"908,420,000",-19.28,jamm,1524308275806
"908,420,000",-15.002,jamm,1524308276229
"908,420,000",-18.705,jamm,1524308276555
"908,420,000",-18.476,jamm,1524308276565
"908,420,000",-19.285,jamm,1524308276679
"908,420,000",-10.304,jamm,1524308276705
"908,420,000",-22.34,jamm,1524308276815
"908,420,000",-19.242,jamm,1524308277230
"908,420,000",-15.971,jamm,1524308277435
"908,420,000",-18.762,jamm,1524308277476
"908,420,000",-21.271,jamm,1524308277485
"908,420,000",-13.954,jamm,1524308277663
"908,420,000",-18.789,jamm,1524308277743
"908,420,000",-17.051,jamm,1524308278251
"908,420,000",-9.176,jamm,1524308278390
"908,420,000",-15.184,jamm,1524308278426
"908,420,000",-19.267,jamm,1524308278515
"908,420,000",-16.531,jamm,1524308278626
"908,420,000",-18.673,jamm,1524308278956
"908,420,000",-21.365,jamm,1524308290100
"908,420,000",-10.317,jamm,1524308290160
"908,420,000",-16.809,jamm,1524308290651
"908,420,000",-21.844,jamm,1524308290708
"908,420,000",-19.165,jamm,1524308290943
"908,420,000",-22.163,jamm,1524308290982
"908,420,000",-19.762,jamm,1524308291109
"908,420,000",-16.433,jamm,1524308291245
"908,420,000",-18.96,jamm,1524308291363
"908,420,000",-20.663,jamm,1524308291437
"908,420,000",-9.3,jamm,1524308291798
"908,420,000",-22.311,jamm,1524308291962
"908,420,000",-16.586,jamm,1524308292157
"908,420,000",-18.468,jamm,1524308292257
"908,420,000",-14.808,jamm,1524308292423
"908,420,000",-18.892,jamm,1524308292668
"908,420,000",-10.412,jamm,1524308292865
"908,420,000",-11.142,jamm,1524308292975
"908,420,000",-18.467,jamm,1524308293178
"908,420,000",-22.298,jamm,1524308293295
"908,420,000",-15.582,jamm,1524308293295
"908,420,000",-10.213,jamm,1524308293522
"908,420,000",-16.756,jamm,1524308293847
"908,420,000",-18.788,jamm,1524308293937
"908,420,000",-9.956,jamm,1524308294500
"908,420,000",-19.734,jamm,1524308294511
"908,420,000",-21.721,jamm,1524308294754
"908,420,000",-18.622,jamm,1524308294793
"908,420,000",-15.059,jamm,1524308294800
"908,420,000",-15.232,jamm,1524308294815
"908,420,000",-19.446,jamm,1524308295393
"908,420,000",-15.208,jamm,1524308295655
"908,420,000",-17.941,jamm,1524308295680
"908,420,000",-19.293,jamm,1524308295806
"908,420,000",-7.557,jamm,1524308295818
"908,420,000",-18.551,jamm,1524308295996
"908,420,000",-7.699,jamm,1524308296177
"908,420,000",-19.325,jamm,1524308296636
"908,420,000",-17.39,jamm,1524308296744
"908,420,000",-19.306,jamm,1524308296759
"908,420,000",-20.5,jamm,1524308296773
"908,420,000",-19.495,jamm,1524308296937
"908,420,000",-11.069,jamm,1524308297459
"908,420,000",-17.286,jamm,1524308297590
"908,420,000",-8.251,jamm,1524308297692
"908,420,000",-15.106,jamm,1524308297729
"908,420,000",-19.724,jamm,1524308297763
"908,420,000",-19.141,jamm,1524308297979
"908,420,000",-17.422,jamm,1524308298102
"908,420,000",-9.705,jamm,1524308298458
"908,420,000",-16.838,jamm,1524308298641
"908,420,000",-19.934,jamm,1524308298679
"908,420,000",-12.254,jamm,1524308298930
"908,420,000",-20.899,jamm,1524308298974
"908,420,000",-18.618,jamm,1524308299149
"908,420,000",-20.573,jamm,1524308299279
"908,420,000",-22.235,jamm,1524308299469
"908,420,000",-19.499,jamm,1524308299557
"908,420,000",-17.93,jamm,1524308299596
"908,420,000",-18.089,jamm,1524308299681
"908,420,000",-22.022,jamm,1524308300203
"908,420,000",-21.737,jamm,1524308300266
"908,420,000",-18.823,jamm,1524308300668
"908,420,000",-15.125,jamm,1524308300719
"908,420,000",-18.73,jamm,1524308300806
"908,420,000",-15.002,jamm,1524308300862
"908,420,000",-14.724,jamm,1524308301208
"908,420,000",-19.357,jamm,1524308301517
"908,420,000",-19.698,jamm,1524308301805
"908,420,000",-14.862,jamm,1524308301835
"908,420,000",-21.045,jamm,1524308301978
"908,420,000",-19.413,jamm,1524308301986
"908,420,000",-18.489,jamm,1524308302205
"908,420,000",-7.472,jamm,1524308302255
"908,420,000",-7.671,jamm,1524308302398
"908,420,000",-15.032,jamm,1524308302492
"908,420,000",-19.396,jamm,1524308302557
"908,420,000",-21.206,jamm,1524308302926
"908,420,000",-19.228,jamm,1524308303115
"908,420,000",-20.105,jamm,1524308303122
"908,420,000",-7.858,jamm,1524308303386
"908,420,000",-20.185,jamm,1524308303615
"908,420,000",-22.121,jamm,1524308303623
"908,420,000",-20.254,jamm,1524308303828
"908,420,000",-15.178,jamm,1524308304159
"908,420,000",-19.648,jamm,1524308304391
"908,420,000",-11.898,jamm,1524308304542
"908,420,000",-18.11,jamm,1524308304690
"908,420,000",-19.558,jamm,1524308304704
"908,420,000",-18.813,jamm,1524308304724
"908,420,000",-13.361,jamm,1524308305614
"908,420,000",-18.736,jamm,1524308305622
"908,420,000",-19.572,jamm,1524308305726
"908,420,000",-19.478,jamm,1524308305951
"908,420,000",-9.182,jamm,1524308305979
"908,420,000",-16.251,jamm,1524308305994
"908,420,000",-20.271,jamm,1524308306179
"908,420,000",-18.71,jamm,1524308306183
"908,420,000",-15.193,jamm,1524308306183
"908,420,000",-12.291,jamm,1524308306696
"908,420,000",-19.4,jamm,1524308306780
"908,420,000",-16.722,jamm,1524308306935
"908,420,000",-19.001,jamm,1524308307175
"908,420,000",-21.716,jamm,1524308307224
"908,420,000",-17.759,jamm,1524308307313
"908,420,000",-19.716,jamm,1524308307402
"908,420,000",-20.43,jamm,1524308307639
"908,420,000",-7.725,jamm,1524308307835
"908,420,000",-16.164,jamm,1524308308198
"908,420,000",-16.722,jamm,1524308308256
"908,420,000",-12.451,jamm,1524308308276
"908,420,000",-14.899,jamm,1524308308416
"908,420,000",-19.548,jamm,1524308308436
"908,420,000",-10.163,jamm,1524308308906
"908,420,000",-21.727,jamm,1524308309266
"908,420,000",-7.684,jamm,1524308309302
"908,420,000",-12.037,jamm,1524308309632
"908,420,000",-20.581,jamm,1524308309721
"908,420,000",-19.157,jamm,1524308309794
"908,420,000",-7.886,jamm,1524308309816
"908,420,000",-20.916,jamm,1524308310161
"908,420,000",-15.268,jamm,1524308310162
"908,420,000",-21.959,jamm,1524308310181
"908,420,000",-22.389,jamm,1524308310441
"908,420,000",-21.787,jamm,1524308310671
"908,420,000",-15.196,jamm,1524308310768
"908,420,000",-19.318,jamm,1524308311109
"908,420,000",-7.566,jamm,1524308311554
"908,420,000",-11.271,jamm,1524308311627
"908,420,000",-21.879,jamm,1524308311920
"908,420,000",-22.005,jamm,1524308311958
"908,420,000",-19.815,jamm,1524308311990
"908,420,000",-18.301,jamm,1524308312286
"908,420,000",-17.031,jamm,1524308312364
"908,420,000",-10.29,jamm,1524308312729
"908,420,000",-14.084,jamm,1524308312742
"908,420,000",-20.217,jamm,1524308312835
"908,420,000",-11.199,jamm,1524308312870
"908,420,000",-11.848,jamm,1524308313114
"908,420,000",-17.207,jamm,1524308313115
"908,420,000",-16.754,jamm,1524308313249
"908,420,000",-13.616,jamm,1524308313575
"908,420,000",-11.055,jamm,1524308313607
"908,420,000",-20.893,jamm,1524308313911
"908,420,000",-19.774,jamm,1524308314105
"908,420,000",-22.04,jamm,1524308314377
"908,420,000",-15.612,jamm,1524308314439
"908,420,000",-20.73,jamm,1524308314639
"908,420,000",-14.232,jamm,1524308314642
"908,420,000",-20.526,jamm,1524308314991
"908,420,000",-15.181,jamm,1524308315140
"908,420,000",-11.203,jamm,1524308315219
"908,420,000",-14.968,jamm,1524308315226
"908,420,000",-19.284,jamm,1524308315239
"908,420,000",-19.65,jamm,1524308315262
"908,420,000",-19.505,jamm,1524308315871
"908,420,000",-12.234,jamm,1524308316161
"908,420,000",-19.518,jamm,1524308316419
"908,420,000",-15.211,jamm,1524308316747
"908,420,000",-16.494,jamm,1524308316753
"908,420,000",-18.956,jamm,1524308316803
"908,420,000",-11.187,jamm,1524308316888
"908,420,000",-17.632,jamm,1524308317183
"908,420,000",-21.326,jamm,1524308317336
"908,420,000",-16.11,jamm,1524308317417
"908,420,000",-19.526,jamm,1524308317561
"908,420,000",-16.561,jamm,1524308317685
"908,420,000",-22.369,jamm,1524308317998
"908,420,000",-22.231,jamm,1524308318123
"908,420,000",-8.807,jamm,1524308318283
"908,420,000",-15.424,jamm,1524308318746
"908,420,000",-9.537,jamm,1524308318766
"908,420,000",-20.126,jamm,1524308318967
"908,420,000",-19.434,jamm,1524308318993
"908,420,000",-19.329,jamm,1524308319326
"908,420,000",-7.406,jamm,1524308319398
"908,420,000",-19.485,jamm,1524308319408
"908,420,000",-15.69,jamm,1524308319414
"908,420,000",-16.79,jamm,1524308319799
"908,420,000",-17.971,jamm,1524308319954
"908,420,000",-12.779,jamm,1524308320234
"908,420,000",-17.125,jamm,1524308320300
"908,420,000",-21.512,jamm,1524308320488
"908,420,000",-19.733,jamm,1524308320606
"908,420,000",-14.084,jamm,1524308320788
"908,420,000",-20.207,jamm,1524308320828
"908,420,000",-8.135,jamm,1524308321239
"908,420,000",-22.104,jamm,1524308321378
"908,420,000",-18.321,jamm,1524308321568
"908,420,000",-20.339,jamm,1524308321656
"908,420,000",-19.723,jamm,1524308321718
"908,420,000",-7.992,jamm,1524308321766
"908,420,000",-19.464,jamm,1524308322160
"908,420,000",-19.231,jamm,1524308322423
"908,420,000",-22.141,jamm,1524308322522
"908,420,000",-7.733,jamm,1524308322532
"908,420,000",-16.657,jamm,1524308322786
"908,420,000",-20.526,jamm,1524308322922
"908,420,000",-22.462,jamm,1524308323226
"908,420,000",-15.401,jamm,1524308323389
"908,420,000",-11.194,jamm,1524308323454
"908,420,000",-12.201,jamm,1524308323467
"908,420,000",-10.272,jamm,1524308323535
"908,420,000",-19.577,jamm,1524308323933
"908,420,000",-19.09,jamm,1524308324108
"908,420,000",-7.626,jamm,1524308324280
"908,420,000",-19.564,jamm,1524308324431
"908,420,000",-15.422,jamm,1524308324801
"908,420,000",-19.615,jamm,1524308324859
"908,420,000",-19.539,jamm,1524308324969
"908,420,000",-20.416,jamm,1524308325103
"908,420,000",-15.354,jamm,1524308325153
"908,420,000",-16.715,jamm,1524308325329
"908,420,000",-15.352,jamm,1524308325783
"908,420,000",-17.955,jamm,1524308325924
"908,420,000",-19.139,jamm,1524308325955
"908,420,000",-19.471,jamm,1524308326159
"908,420,000",-17.228,jamm,1524308326544
"908,420,000",-19.765,jamm,1524308326578
"908,420,000",-21.911,jamm,1524308326623
"908,420,000",-20.576,jamm,1524308326719
"908,420,000",-10.106,jamm,1524308326978
"908,420,000",-22.385,jamm,1524308327855
"908,420,000",-18.641,jamm,1524367710000
"908,420,000",-7.282,jamm,1524410892156
"908,420,000",-9.422,jamm,1524410892298
"908,420,000",-15.782,jamm,1524410892453
"908,420,000",-19.472,jamm,1524410892729
"908,420,000",-19.303,jamm,1524410892788
"908,420,000",-20.427,jamm,1524410892973
"908,420,000",-19.84,jamm,1524410893111
"908,420,000",-18.431,jamm,1524410893118
"908,420,000",-21.404,jamm,1524410893325
"908,420,000",-22.487,jamm,1524410893426
"908,420,000",-19.29,jamm,1524410893601
"908,420,000",-11.078,jamm,1524410893660
"908,420,000",-20.524,jamm,1524410894215
"908,420,000",-22.214,jamm,1524410894232
"908,420,000",-20.362,jamm,1524410894308
"908,420,000",-7.466,jamm,1524410894426
"908,420,000",-15.646,jamm,1524410894535
"908,420,000",-17.555,jamm,1524410894609
"908,420,000",-20.274,jamm,1524410895181
"908,420,000",-16.733,jamm,1524410895326
"908,420,000",-16.372,jamm,1524410895394
"908,420,000",-21.996,jamm,1524410895643
"908,420,000",-19.176,jamm,1524410895758
"908,420,000",-20.29,jamm,1524410895958
"908,420,000",-19.882,jamm,1524410896260
"908,420,000",-21.184,jamm,1524410896324
"908,420,000",-12.721,jamm,1524410896470
"908,420,000",-21.369,jamm,1524410896905
"908,420,000",-13.606,jamm,1524410896965
"908,420,000",-9.372,jamm,1524410896988
"908,420,000",-21.309,jamm,1524410897186
"908,420,000",-16.73,jamm,1524410897316
"908,420,000",-13.349,jamm,1524410897397
"908,420,000",-21.618,jamm,1524410897542
"908,420,000",-18.555,jamm,1524410897674
"908,420,000",-16.491,jamm,1524410897999
"908,420,000",-10.878,jamm,1524410898197
"908,420,000",-20.959,jamm,1524410898699
"908,420,000",-17.866,jamm,1524410898760
"908,420,000",-8.691,jamm,1524410898847
"908,420,000",-16.673,jamm,1524410898908
"908,420,000",-18.726,jamm,1524410898948
"908,420,000",-16.63,jamm,1524410899203
"908,420,000",-8.753,jamm,1524410899306
"908,420,000",-20.257,jamm,1524410899593
"908,420,000",-13.935,jamm,1524410899707
"908,420,000",-16.017,jamm,1524410899957
"908,420,000",-21.467,jamm,1524410899957
"908,420,000",-8.911,jamm,1524410900348
"908,420,000",-21.305,jamm,1524410900634
"908,420,000",-17.599,jamm,1524410900663
"908,420,000",-13.471,jamm,1524410900764
"908,420,000",-18.291,jamm,1524410900895
"908,420,000",-12.697,jamm,1524410900987
"908,420,000",-9.123,jamm,1524410901441
"908,420,000",-16.218,jamm,1524410901538
"908,420,000",-19.719,jamm,1524410901577
"908,420,000",-21.144,jamm,1524410901580
"908,420,000",-16.801,jamm,1524410901878
"908,420,000",-18.655,jamm,1524410901896
"908,420,000",-8.681,jamm,1524410902141
"908,420,000",-12.999,jamm,1524410902576
"908,420,000",-22.433,jamm,1524410902720
"908,420,000",-19.361,jamm,1524410902738
"908,420,000",-20.485,jamm,1524410902922
"908,420,000",-21.882,jamm,1524410902942
"908,420,000",-16.82,jamm,1524410903249
"908,420,000",-16.124,jamm,1524410903333
"908,420,000",-10.707,jamm,1524410903615
"908,420,000",-18.094,jamm,1524410903729
"908,420,000",-21.178,jamm,1524410903800
"908,420,000",-12.511,jamm,1524410903899
"908,420,000",-12.875,jamm,1524410904177
"908,420,000",-16.24,jamm,1524410904435
"908,420,000",-20.077,jamm,1524410904549
"908,420,000",-20.596,jamm,1524410904572
"908,420,000",-8.982,jamm,1524410904845
"908,420,000",-17.92,jamm,1524410904966
"908,420,000",-13.308,jamm,1524410905250
"908,420,000",-8.792,jamm,1524410905284
"908,420,000",-19.74,jamm,1524410905329
"908,420,000",-16.403,jamm,1524410905744
"908,420,000",-20.247,jamm,1524410905845
"908,420,000",-19.74,jamm,1524410906539
"908,420,000",-16.414,jamm,1524410906787
"908,420,000",-10.863,jamm,1524410906856
"908,420,000",-18.641,jamm,1524410906886
"908,420,000",-17.92,jamm,1524410906904
"908,420,000",-12.875,jamm,1524410906904
"908,420,000",-16.518,jamm,1524410907327
"908,420,000",-9.211,jamm,1524410907570
"908,420,000",-16.413,jamm,1524410907621
"908,420,000",-21.472,jamm,1524410907688
"908,420,000",-9.212,jamm,1524410907801
"908,420,000",-19.919,jamm,1524410907828
"908,420,000",-19.18,jamm,1524410908292
"908,420,000",-18.627,jamm,1524410908429
"908,420,000",-18.028,jamm,1524410908471
"908,420,000",-11.202,jamm,1524410908515
"908,420,000",-21.21,jamm,1524410908721
"908,420,000",-22.101,jamm,1524410908758
"908,420,000",-17.86,jamm,1524410909390
"908,420,000",-21.38,jamm,1524410909427
"908,420,000",-8.914,jamm,1524410909465
"908,420,000",-21.172,jamm,1524410909712
"908,420,000",-19.134,jamm,1524410909886
"908,420,000",-13.329,jamm,1524410909970
"908,420,000",-10.064,jamm,1524410910154
"908,420,000",-13.008,jamm,1524410910360
"908,420,000",-12.952,jamm,1524410910430
"908,420,000",-21.424,jamm,1524410910464
"908,420,000",-17.662,jamm,1524410910527
"908,420,000",-19.605,jamm,1524410910759
"908,420,000",-22.105,jamm,1524410911212
"908,420,000",-21.281,jamm,1524410911347
"908,420,000",-17.92,jamm,1524410911599
"908,420,000",-21.336,jamm,1524410911792
"908,420,000",-16.3,jamm,1524410911809
"908,420,000",-13.172,jamm,1524410911845
"908,420,000",-20.857,jamm,1524410912145
"908,420,000",-17.556,jamm,1524410912443
"908,420,000",-8.782,jamm,1524410912559
"908,420,000",-19.349,jamm,1524410912560
"908,420,000",-18.317,jamm,1524410912595
"908,420,000",-10.854,jamm,1524410912824
"908,420,000",-16.216,jamm,1524410913155
"908,420,000",-21.237,jamm,1524410913163
"908,420,000",-19.351,jamm,1524410913384
"908,420,000",-16.386,jamm,1524410913602
"908,420,000",-13.135,jamm,1524410913649
"908,420,000",-8.955,jamm,1524410913765
"908,420,000",-16.452,jamm,1524410914167
"908,420,000",-13.07,jamm,1524410914253
"908,420,000",-21.636,jamm,1524410914557
"908,420,000",-8.79,jamm,1524410914609
"908,420,000",-20.921,jamm,1524410914925
"908,420,000",-13.142,jamm,1524410914983
"908,420,000",-9.009,jamm,1524410915155
"908,420,000",-20.491,jamm,1524410915547
"908,420,000",-22.365,jamm,1524410915582
"908,420,000",-21.003,jamm,1524410915852
"908,420,000",-21.154,jamm,1524410915869
"908,420,000",-13.945,jamm,1524482753388
"908,420,000",-18.187,jamm,1524482753417
"908,420,000",-16.777,jamm,1524482753697
"908,420,000",-19.414,jamm,1524482753783
"908,420,000",-19.941,jamm,1524482753793
"908,420,000",-20.147,jamm,1524482753826
"908,420,000",-20.963,jamm,1524482754104
"908,420,000",-18.194,jamm,1524482754175
"908,420,000",-21.217,jamm,1524482754201
"908,420,000",-12.219,jamm,1524482754290
"908,420,000",-21.304,jamm,1524482754311
"908,420,000",-18.157,jamm,1524482754479
"908,420,000",-17.569,jamm,1524482755123
"908,420,000",-18.074,jamm,1524482755318
"908,420,000",-12.702,jamm,1524482755363
"908,420,000",-21.457,jamm,1524482755383
"908,420,000",-16.461,jamm,1524482755622
"908,420,000",-11.846,jamm,1524482755998
"908,420,000",-11.717,jamm,1524482756118
"908,420,000",-20.19,jamm,1524482756166
"908,420,000",-20.603,jamm,1524482756307
"908,420,000",-16.543,jamm,1524482756382
"908,420,000",-20.073,jamm,1524482756764
"908,420,000",-21.217,jamm,1524482756980
"908,420,000",-14.451,jamm,1524482757246
"908,420,000",-17.947,jamm,1524482757258
"908,420,000",-12.02,jamm,1524482757356
"908,420,000",-13.444,jamm,1524482757442
"908,420,000",-17.999,jamm,1524482757504
"908,420,000",-18.55,jamm,1524482757967
"908,420,000",-20.43,jamm,1524482758275
"908,420,000",-13.361,jamm,1524482758280
"908,420,000",-17.949,jamm,1524482758303
"908,420,000",-20.935,jamm,1524482758390
"908,420,000",-22.023,jamm,1524482758404
"908,420,000",-11.471,jamm,1524482758828
"908,420,000",-22.475,jamm,1524482770100
"908,420,000",-21.823,jamm,1524482770261
"908,420,000",-18.101,jamm,1524482770392
"908,420,000",-18.094,jamm,1524482770397
"908,420,000",-16.36,jamm,1524482770464
"908,420,000",-18.154,jamm,1524482770655
"908,420,000",-14.762,jamm,1524482771260
"908,420,000",-21.282,jamm,1524482771618
"908,420,000",-21.966,jamm,1524482771700
"908,420,000",-13.081,jamm,1524482771848
"908,420,000",-12.592,jamm,1524482771905
"908,420,000",-18.043,jamm,1524482771957
"908,420,000",-18.877,jamm,1524482772130
"908,420,000",-21.359,jamm,1524482772270
"908,420,000",-14.531,jamm,1524482772381
"908,420,000",-13.842,jamm,1524482772541
"908,420,000",-13.685,jamm,1524482772693
"908,420,000",-17.112,jamm,1524482772931
"908,420,000",-21.801,jamm,1524482773120
"908,420,000",-13.702,jamm,1524482773123
"908,420,000",-22.231,jamm,1524482773343
"908,420,000",-14.662,jamm,1524482773413
"908,420,000",-17.248,jamm,1524482773553
"908,420,000",-21.708,jamm,1524482773822
"908,420,000",-13.028,jamm,1524482774193
"908,420,000",-13.245,jamm,1524482774416
"908,420,000",-22.106,jamm,1524482774777
"908,420,000",-21.125,jamm,1524482774802
"908,420,000",-21.378,jamm,1524482774910
"908,420,000",-22.053,jamm,1524482774988
"908,420,000",-21.679,jamm,1524482775490
"908,420,000",-12.952,jamm,1524482775572
"908,420,000",-19.797,jamm,1524482775671
"908,420,000",-19.232,jamm,1524482775672
"908,420,000",-21.5,jamm,1524482775774
"908,420,000",-12.602,jamm,1524482775998
"908,420,000",-20.942,jamm,1524482776260
"908,420,000",-16.858,jamm,1524482776320
"908,420,000",-18.704,jamm,1524482776532
"908,420,000",-17.67,jamm,1524482776586
"908,420,000",-10.933,jamm,1524482776598
"908,420,000",-14.457,jamm,1524482776645
"908,420,000",-20.697,jamm,1524482777390
"908,420,000",-12.928,jamm,1524482777524
"908,420,000",-17.243,jamm,1524482777601
"908,420,000",-17.257,jamm,1524482777785
"908,420,000",-12.614,jamm,1524482777821
"908,420,000",-12.466,jamm,1524482777864
"908,420,000",-13.45,jamm,1524482778215
"908,420,000",-14.261,jamm,1524482778281
"908,420,000",-13.343,jamm,1524482778378
"908,420,000",-22.245,jamm,1524482778401
"908,420,000",-20.701,jamm,1524482778569
"908,420,000",-20.676,jamm,1524482778975
"908,420,000",-18.311,jamm,1524482779103
"908,420,000",-11.848,jamm,1524482779197
"908,420,000",-13.15,jamm,1524482779250
"908,420,000",-21.081,jamm,1524482779337
"908,420,000",-21.522,jamm,1524482779612
"908,420,000",-10.639,jamm,1524482779876
"908,420,000",-20.19,jamm,1524482780108
"908,420,000",-21.112,jamm,1524482780236
"908,420,000",-18.727,jamm,1524482780394
"908,420,000",-22.235,jamm,1524482780739
"908,420,000",-14.651,jamm,1524482780904
"908,420,000",-13.101,jamm,1524482780927
"908,420,000",-20.985,jamm,1524482781217
"908,420,000",-20.964,jamm,1524482781218
"908,420,000",-16.63,jamm,1524482781388
"908,420,000",-19.691,jamm,1524482781709
"908,420,000",-16.277,jamm,1524482781710
"908,420,000",-21.39,jamm,1524482781993
"908,420,000",-12.602,jamm,1524482782168
"908,420,000",-20.494,jamm,1524482782799
"908,420,000",-18.566,jamm,1524482782844
"908,420,000",-12.004,jamm,1524482782853
"908,420,000",-16.711,jamm,1524482782909
"908,420,000",-16.522,jamm,1524482782981
"908,420,000",-13.145,jamm,1524482783382
"908,420,000",-21.239,jamm,1524482783510
"908,420,000",-17.456,jamm,1524482783673
"908,420,000",-21.315,jamm,1524482783732
"908,420,000",-19.911,jamm,1524482783901
"908,420,000",-18.243,jamm,1524482783986
"908,420,000",-21.189,jamm,1524482784175
"908,420,000",-13.74,jamm,1524482784300
"908,420,000",-16.644,jamm,1524482784491
"908,420,000",-19.779,jamm,1524482784829
"908,420,000",-18.105,jamm,1524482784849
"908,420,000",-18.121,jamm,1524482784896
"908,420,000",-18.737,jamm,1524482785133
"908,420,000",-21.91,jamm,1524482785242
"908,420,000",-20.97,jamm,1524482785442
"908,420,000",-17.601,jamm,1524482785505
"908,420,000",-11.028,jamm,1524482785543
"908,420,000",-15.011,jamm,1524482785742
"908,420,000",-18.311,jamm,1524482786119
"908,420,000",-21.218,jamm,1524482786298
"908,420,000",-14.051,jamm,1524482786428
"908,420,000",-13.572,jamm,1524482786811
"908,420,000",-12.636,jamm,1524482786898
"908,420,000",-18.867,jamm,1524482786966
"908,420,000",-19.99,jamm,1524482787122
"908,420,000",-11.141,jamm,1524482787240
"908,420,000",-20.534,jamm,1524482787273
"908,420,000",-20.682,jamm,1524482787529
"908,420,000",-19.607,jamm,1524482787623
"908,420,000",-14.331,jamm,1524482787749
"908,420,000",-21.701,jamm,1524482788222
"908,420,000",-13.564,jamm,1524482788229
"908,420,000",-15.267,jamm,1524482788619
"908,420,000",-18.803,jamm,1524482788764
"908,420,000",-13.65,jamm,1524482788835
"908,420,000",-13.688,jamm,1524482788917
"908,420,000",-20.409,jamm,1524482789350
"908,420,000",-11.029,jamm,1524482789495
"908,420,000",-18.312,jamm,1524482789784
"908,420,000",-18.489,jamm,1524482789972
"908,420,000",-22.307,jamm,1524583847664
"908,420,000",-13.12,jamm,1524583847787
"908,420,000",-17.486,jamm,1524583847850
"908,420,000",-11.308,jamm,1524583847977
"908,420,000",-15.265,jamm,1524583848136
"908,420,000",-16.732,jamm,1524583848512
"908,420,000",-17.78,jamm,1524583848529
"908,420,000",-13.124,jamm,1524583848658
"908,420,000",-21.721,jamm,1524583848885
"908,420,000",-17.669,jamm,1524583848961
"908,420,000",-21.142,jamm,1524583849380
"908,420,000",-13.678,jamm,1524583849438
"908,420,000",-13.624,jamm,1524583849465
"908,420,000",-21.585,jamm,1524583849500
"908,420,000",-20.237,jamm,1524583849785
"908,420,000",-14.924,jamm,1524583849940
"908,420,000",-21.72,jamm,1524583850103
"908,420,000",-20.007,jamm,1524583850186
"908,420,000",-16.157,jamm,1524583850506
"908,420,000",-21.103,jamm,1524583850613
"908,420,000",-18.384,jamm,1524583850725
"908,420,000",-19.084,jamm,1524583850844
"908,420,000",-21.376,jamm,1524583851162
"908,420,000",-20.9,jamm,1524583851336
"908,420,000",-20.891,jamm,1524583851395
"908,420,000",-9.369,jamm,1524583851498
"908,420,000",-19.916,jamm,1524583851607
"908,420,000",-17.367,jamm,1524583851963
"908,420,000",-17.581,jamm,1524583852343
"908,420,000",-13.674,jamm,1524583852414
"908,420,000",-21.464,jamm,1524583852828
"908,420,000",-20.83,jamm,1524583852882
"908,420,000",-20.792,jamm,1524583852961
"908,420,000",-9.214,jamm,1524583852964
"908,420,000",-13.847,jamm,1524583853108
"908,420,000",-17.636,jamm,1524583853129
"908,420,000",-18.367,jamm,1524583853373
"908,420,000",-9.417,jamm,1524583853540
"908,420,000",-20.73,jamm,1524583853642
"908,420,000",-17.299,jamm,1524583853705
"908,420,000",-20.845,jamm,1524583854299
"908,420,000",-9.132,jamm,1524583854396
"908,420,000",-18.041,jamm,1524583854399
"908,420,000",-20.764,jamm,1524583854848
"908,420,000",-11.054,jamm,1524583854876
"908,420,000",-12.197,jamm,1524583854990
"908,420,000",-9.35,jamm,1524583855229
"908,420,000",-13.855,jamm,1524583855272
"908,420,000",-20.745,jamm,1524583855293
"908,420,000",-20.06,jamm,1524583855302
"908,420,000",-19.977,jamm,1524583855692
"908,420,000",-16.465,jamm,1524583855802
"908,420,000",-12.583,jamm,1524583856467
"908,420,000",-16.802,jamm,1524583856483
"908,420,000",-21.209,jamm,1524583856544
"908,420,000",-18.451,jamm,1524583856612
"908,420,000",-18.237,jamm,1524583856679
"908,420,000",-22.29,jamm,1524583856821
"908,420,000",-19.463,jamm,1524583857118
"908,420,000",-21.629,jamm,1524583857210
"908,420,000",-18.231,jamm,1524583857368
"908,420,000",-18.999,jamm,1524583857490
"908,420,000",-19.426,jamm,1524583857503
"908,420,000",-18.566,jamm,1524583857990
"908,420,000",-18.095,jamm,1524583858138
"908,420,000",-17.87,jamm,1524583858383
"908,420,000",-20.946,jamm,1524583858430
"908,420,000",-10.103,jamm,1524583858637
"908,420,000",-16.935,jamm,1524583858664
"908,420,000",-17.881,jamm,1524583858724
"908,420,000",-11.103,jamm,1524583870286
"908,420,000",-20.881,jamm,1524583870304
"908,420,000",-20.54,jamm,1524583870753
"908,420,000",-17.306,jamm,1524583870768
"908,420,000",-13.879,jamm,1524583870928
"908,420,000",-18.01,jamm,1524583870985
"908,420,000",-13.706,jamm,1524583871272
"908,420,000",-21.609,jamm,1524583871391
"908,420,000",-9.206,jamm,1524583871472
"908,420,000",-20.01,jamm,1524583871521
"908,420,000",-21.844,jamm,1524583871718
"908,420,000",-18.529,jamm,1524583871943
"908,420,000",-19.517,jamm,1524583872145
"908,420,000",-15.99,jamm,1524583872407
"908,420,000",-17.734,jamm,1524583872637
"908,420,000",-10.09,jamm,1524583872658
"908,420,000",-14.064,jamm,1524583872766
"908,420,000",-17.978,jamm,1524583872852
"908,420,000",-9.106,jamm,1524583873119
"908,420,000",-18.171,jamm,1524583873176
"908,420,000",-21.029,jamm,1524583873439
"908,420,000",-14.34,jamm,1524583873530
"908,420,000",-20.904,jamm,1524583873780
"908,420,000",-18.081,jamm,1524583873844
"908,420,000",-8.998,jamm,1524583874419
"908,420,000",-20.791,jamm,1524583874526
"908,420,000",-17.147,jamm,1524583874593
"908,420,000",-17.817,jamm,1524583874827
"908,420,000",-18.869,jamm,1524583874912
"908,420,000",-9.181,jamm,1524583874974
"908,420,000",-18.086,jamm,1524583875509
"908,420,000",-20.873,jamm,1524583875592
"908,420,000",-18.054,jamm,1524583875599
"908,420,000",-21.001,jamm,1524583875803
"908,420,000",-14.082,jamm,1524583875807
"908,420,000",-17.17,jamm,1524583875859
"908,420,000",-12.654,jamm,1524583876319
"908,420,000",-18.037,jamm,1524583876373
"908,420,000",-17.174,jamm,1524583876466
"908,420,000",-19.647,jamm,1524583876561
"908,420,000",-13.886,jamm,1524583876791
"908,420,000",-19.999,jamm,1524583876909
"908,420,000",-19.55,jamm,1524583877102
"908,420,000",-19.203,jamm,1524583877159
"908,420,000",-8.893,jamm,1524583877288
"908,420,000",-16.863,jamm,1524583877344
"908,420,000",-20.883,jamm,1524583877729
"908,420,000",-20.949,jamm,1524583877985
"908,420,000",-9.151,jamm,1524583878447
"908,420,000",-19.295,jamm,1524583878728
"908,420,000",-20.732,jamm,1524583878786
"908,420,000",-14.049,jamm,1524583878797
"908,420,000",-13.992,jamm,1524583878965
"908,420,000",-18.995,jamm,1524583878979
"908,420,000",-17.286,jamm,1524583879314
"908,420,000",-18.028,jamm,1524583879355
"908,420,000",-21.637,jamm,1524583879545
"908,420,000",-12.808,jamm,1524583879695
"908,420,000",-19.291,jamm,1524583879847
"908,420,000",-18.665,jamm,1524583879913
"908,420,000",-19.485,jamm,1524583880461
"908,420,000",-21.196,jamm,1524583880844
"908,420,000",-21.223,jamm,1524591743313
"908,420,000",-19.902,jamm,1524591743336
"908,420,000",-21.89,jamm,1524591743601
"908,420,000",-17.974,jamm,1524591743603
"908,420,000",-8.73,jamm,1524591743935
"908,420,000",-16.31,jamm,1524591744274
"908,420,000",-21.185,jamm,1524591744280
"908,420,000",-20.76,jamm,1524591744604
"908,420,000",-18.34,jamm,1524591744785
"908,420,000",-8.858,jamm,1524591744925
"908,420,000",-22.447,jamm,1524591744998
"908,420,000",-18.897,jamm,1524591745279
"908,420,000",-8.706,jamm,1524591745459
"908,420,000",-11.125,jamm,1524591745627
"908,420,000",-17.614,jamm,1524591745727
"908,420,000",-17.196,jamm,1524591745859
"908,420,000",-13.46,jamm,1524591745982
"908,420,000",-16.739,jamm,1524591746468
"908,420,000",-16.021,jamm,1524591746544
"908,420,000",-17.809,jamm,1524591746663
"908,420,000",-18.114,jamm,1524591746697
"908,420,000",-11.416,jamm,1524591746848
"908,420,000",-20.972,jamm,1524591746868
"908,420,000",-21.107,jamm,1524591747102
"908,420,000",-17.793,jamm,1524591747154
"908,420,000",-22.284,jamm,1524591747258
"908,420,000",-22.451,jamm,1524591747449
"908,420,000",-14.252,jamm,1524591747769
"908,420,000",-8.774,jamm,1524591747972
"908,420,000",-8.756,jamm,1524591748224
"908,420,000",-22.438,jamm,1524591748358
"908,420,000",-17.784,jamm,1524591748386
"908,420,000",-21.43,jamm,1524591748606
"908,420,000",-17.764,jamm,1524591748648
"908,420,000",-20.94,jamm,1524591748792
"908,420,000",-21.054,jamm,1524591749110
"908,420,000",-18.141,jamm,1524591749188
"908,420,000",-17.792,jamm,1524591749228
"908,420,000",-15.024,jamm,1524591749399
"908,420,000",-22.478,jamm,1524591749946
"908,420,000",-8.654,jamm,1524591749974
"908,420,000",-17.726,jamm,1524591750132
"908,420,000",-21.079,jamm,1524591750394
"908,420,000",-21.872,jamm,1524591750527
"908,420,000",-17.607,jamm,1524591750532
"908,420,000",-21.24,jamm,1524591750687
"908,420,000",-10.634,jamm,1524591750861
"908,420,000",-13.899,jamm,1524591751209
"908,420,000",-8.863,jamm,1524591751289
"908,420,000",-14.777,jamm,1524591751324
"908,420,000",-17.254,jamm,1524591751504
"908,420,000",-13.085,jamm,1524591751560
"908,420,000",-17.419,jamm,1524591751892
"908,420,000",-14.124,jamm,1524591752184
"908,420,000",-22.472,jamm,1524591752279
"908,420,000",-17.737,jamm,1524591752305
"908,420,000",-14.037,jamm,1524591752532
"908,420,000",-20.727,jamm,1524591752658
"908,420,000",-20.938,jamm,1524591752717
"908,420,000",-22.442,jamm,1524591753391
"908,420,000",-21.884,jamm,1524591753517
"908,420,000",-18.225,jamm,1524591753643
"908,420,000",-17.292,jamm,1524591753681
"908,420,000",-9.008,jamm,1524591753697
"908,420,000",-20.48,jamm,1524591753849
"908,420,000",-8.832,jamm,1524591754306
"908,420,000",-21.125,jamm,1524591754405
"908,420,000",-19.77,jamm,1524591754596
"908,420,000",-8.913,jamm,1524591754596
"908,420,000",-17.358,jamm,1524591754734
"908,420,000",-17.657,jamm,1524591754963
"908,420,000",-17.796,jamm,1524591755140
"908,420,000",-17.693,jamm,1524591755169
"908,420,000",-10.935,jamm,1524591755239
"908,420,000",-20.943,jamm,1524591755268
"908,420,000",-17.695,jamm,1524591755528
"908,420,000",-17.195,jamm,1524591755720
"908,420,000",-20.927,jamm,1524591756323
"908,420,000",-18.019,jamm,1524591756424
"908,420,000",-11.188,jamm,1524591756655
"908,420,000",-12.586,jamm,1524591756766
"908,420,000",-22.199,jamm,1524591756894
"908,420,000",-17.047,jamm,1524591756995
"908,420,000",-19.518,jamm,1524591757375
"908,420,000",-13.959,jamm,1524591757614
"908,420,000",-20.553,jamm,1524591757640
"908,420,000",-17.838,jamm,1524591757679
"908,420,000",-20.956,jamm,1524591757762
"908,420,000",-8.951,jamm,1524591757831
"908,420,000",-8.781,jamm,1524591758203
"908,420,000",-21.03,jamm,1524591758335
"908,420,000",-14.027,jamm,1524591758668
"908,420,000",-22.28,jamm,1524591758696
"908,420,000",-13.67,jamm,1524591758764
"908,420,000",-18.308,jamm,1524591758810
"908,420,000",-16.568,jamm,1524591759320
"908,420,000",-21.612,jamm,1524591759366
"908,420,000",-9.045,jamm,1524591759581
"908,420,000",-17.679,jamm,1524591759845
"908,420,000",-17.657,jamm,1524591759881
"908,420,000",-20.801,jamm,1524591759902
"908,420,000",-18.062,jamm,1524591760403
"908,420,000",-17.781,jamm,1524591760438
"908,420,000",-18.019,jamm,1524591760472
"908,420,000",-13.975,jamm,1524591760560
"908,420,000",-21.131,jamm,1524591760779
"908,420,000",-18.504,jamm,1524591760785
"908,420,000",-14.389,jamm,1524591761159
"908,420,000",-18.376,jamm,1524591761309
"908,420,000",-14.015,jamm,1524591761354
"908,420,000",-8.943,jamm,1524591761486
"908,420,000",-19.126,jamm,1524591761660
"908,420,000",-22.282,jamm,1524591761940
"908,420,000",-17.918,jamm,1524591762237
"908,420,000",-20.477,jamm,1524591762253
"908,420,000",-8.976,jamm,1524591762292
"908,420,000",-12.394,jamm,1524591762504
"908,420,000",-11.13,jamm,1524591762603
"908,420,000",-20.9,jamm,1524591762697
"908,420,000",-17.848,jamm,1524591763280
"908,420,000",-18.47,jamm,1524591763479
"908,420,000",-20.691,jamm,1524591763861
"908,420,000",-10.934,jamm,1524591763884
"908,420,000",-16.069,jamm,1524591763898
"908,420,000",-17.857,jamm,1524591763980
"908,420,000",-13.587,jamm,1524591764128
"908,420,000",-20.851,jamm,1524591764166
"908,420,000",-11.883,jamm,1524591764498
"908,420,000",-18.075,jamm,1524591764634
"908,420,000",-18.015,jamm,1524591764779
"908,420,000",-18.217,jamm,1524591764907
"908,420,000",-21.325,jamm,1524591765318
"908,420,000",-17.84,jamm,1524591765337
"908,420,000",-21.509,jamm,1524591765386
"908,420,000",-18.219,jamm,1524591765482
"908,420,000",-20.732,jamm,1524591765911
"908,420,000",-13.877,jamm,1524591765970
"908,420,000",-9.294,jamm,1524591766231
"908,420,000",-20.887,jamm,1524591766269
"908,420,000",-18.164,jamm,1524591766350
"908,420,000",-14.061,jamm,1524591766958
"908,420,000",-19.69,jamm,1524591766969
"908,420,000",-18.317,jamm,1524591766992
"908,420,000",-17.543,jamm,1524591767343
"908,420,000",-17.144,jamm,1524591767522
"908,420,000",-12.556,jamm,1524591767524
"908,420,000",-16.51,jamm,1524591767585
"908,420,000",-13.717,jamm,1524591767600
"908,420,000",-11.167,jamm,1524591767728
"908,420,000",-17.917,jamm,1524591768145
"908,420,000",-20.972,jamm,1524591768378
"908,420,000",-9.001,jamm,1524591768429
"908,420,000",-22.227,jamm,1524591768476
"908,420,000",-18.012,jamm,1524591768639
"908,420,000",-14.298,jamm,1524591768981
"908,420,000",-9.027,jamm,1524591769131
"908,420,000",-20.878,jamm,1524591769162
"908,420,000",-13.988,jamm,1524591769386
"908,420,000",-18.161,jamm,1524591769579
"908,420,000",-8.884,jamm,1524591769692
"908,420,000",-19.749,jamm,1524591769971
"908,420,000",-8.938,jamm,1524591770305
"908,420,000",-17.798,jamm,1524591770635
"908,420,000",-20.952,jamm,1524591770666
"908,420,000",-17.793,jamm,1524591770950
"908,420,000",-14.202,jamm,1524591770991
"908,420,000",-17.678,jamm,1524591770992
"908,420,000",-12.141,jamm,1524591771211
"908,420,000",-17.718,jamm,1524591771212
"908,420,000",-14.078,jamm,1524591771588
"908,420,000",-18.284,jamm,1524591771784
"908,420,000",-21.067,jamm,1524591771818
"908,420,000",-20.34,jamm,1524591771956
"908,420,000",-17.469,jamm,1524591772290
"908,420,000",-14.149,jamm,1524591772430
"908,420,000",-20.957,jamm,1524591772733
"908,420,000",-19.257,jamm,1524591772836
"908,420,000",-18.733,jamm,1524591772910
"908,420,000",-8.982,jamm,1524591772994
"908,420,000",-20.291,jamm,1524591773226
"908,420,000",-17.139,jamm,1524591773307
"908,420,000",-21.378,jamm,1524591773318
"908,420,000",-12.784,jamm,1524591773332
"908,420,000",-19.659,jamm,1524591773372
"908,420,000",-13.37,jamm,1524591773466
"908,420,000",-18.432,jamm,1524591774108
"908,420,000",-8.83,jamm,1524591774333
"908,420,000",-8.903,jamm,1524591774339
"908,420,000",-21.239,jamm,1524591774808
"908,420,000",-17.491,jamm,1524591774819
"908,420,000",-17.318,jamm,1524591774932
"908,420,000",-22.438,jamm,1524591775278
"908,420,000",-18.577,jamm,1524591775421
"908,420,000",-17.96,jamm,1524591775467
"908,420,000",-13.934,jamm,1524591775583
"908,420,000",-17.729,jamm,1524591775633
"908,420,000",-9.061,jamm,1524591775667
"908,420,000",-8.843,jamm,1524591776161
"908,420,000",-13.905,jamm,1524591776212
"908,420,000",-18.144,jamm,1524591776262
"908,420,000",-20.352,jamm,1524591776352
"908,420,000",-20.782,jamm,1524591776458
"908,420,000",-18.3,jamm,1524591776997
"908,420,000",-20.951,jamm,1524591777183
"908,420,000",-15.646,jamm,1524591777225
"908,420,000",-21.586,jamm,1524591777281
"908,420,000",-18.443,jamm,1524591777671
"908,420,000",-20.312,jamm,1524591777745
"908,420,000",-9.099,jamm,1524591777884
"908,420,000",-14.166,jamm,1524591778350
"908,420,000",-19.949,jamm,1524591778365
"908,420,000",-21.109,jamm,1524591778384
"908,420,000",-15.289,jamm,1524591778495
"908,420,000",-8.703,jamm,1524591778862
"908,420,000",-18.823,jamm,1524591778997
"908,420,000",-11.103,jamm,1524591790251
"908,420,000",-17.16,jamm,1524591790381
"908,420,000",-17.419,jamm,1524591790560
"908,420,000",-12.977,jamm,1524591790613
"908,420,000",-20.936,jamm,1524591790691
"908,420,000",-21.177,jamm,1524591790701
"908,420,000",-17.795,jamm,1524591791217
"908,420,000",-19.05,jamm,1524591791585
"908,420,000",-21.505,jamm,1524591791832
"908,420,000",-20.854,jamm,1524591791894
"908,420,000",-8.736,jamm,1524591791924
"908,420,000",-13.994,jamm,1524591791965
"908,420,000",-21.021,jamm,1524591792131
"908,420,000",-17.696,jamm,1524591792145
"908,420,000",-18.586,jamm,1524591792454
"908,420,000",-21.409,jamm,1524591792530
"908,420,000",-15.318,jamm,1524591792659
"908,420,000",-18.169,jamm,1524591792663
"908,420,000",-18.056,jamm,1524591793383
"908,420,000",-20.524,jamm,1524591793595
"908,420,000",-21.291,jamm,1524591793649
"908,420,000",-8.847,jamm,1524591793818
"908,420,000",-19.715,jamm,1524591793882
"908,420,000",-14.491,jamm,1524591793960
"908,420,000",-21.005,jamm,1524591794296
"908,420,000",-18.425,jamm,1524591794297
"908,420,000",-8.63,jamm,1524591794353
"908,420,000",-8.751,jamm,1524591794450
"908,420,000",-13.953,jamm,1524591794730
"908,420,000",-20.609,jamm,1524591794750
"908,420,000",-20.838,jamm,1524591795104
"908,420,000",-22.285,jamm,1524591795112
"908,420,000",-18.135,jamm,1524591795377
"908,420,000",-11.492,jamm,1524591795524
"908,420,000",-21.252,jamm,1524591795954
"908,420,000",-17.243,jamm,1524591795988
"908,420,000",-9.111,jamm,1524591796544
"908,420,000",-20.05,jamm,1524591796546
"908,420,000",-13.146,jamm,1524591796557
"908,420,000",-18.125,jamm,1524591796605
"908,420,000",-22.116,jamm,1524591796797
"908,420,000",-22.185,jamm,1524591796990
"908,420,000",-21.076,jamm,1524591797292
"908,420,000",-18.781,jamm,1524591797332
"908,420,000",-11.763,jamm,1524591797445
"908,420,000",-18.122,jamm,1524591797462
"908,420,000",-14.251,jamm,1524591797877
"908,420,000",-17.666,jamm,1524591797995
"908,420,000",-20.995,jamm,1524591798409
"908,420,000",-17.58,jamm,1524591798684
"908,420,000",-19.876,jamm,1524591798806
"908,420,000",-21.186,jamm,1524591798875
"908,420,000",-21.184,jamm,1524937180039
"908,420,000",-19.623,jamm,1524937180039
"908,420,000",-21.866,jamm,1524937180039
"908,420,000",-17.904,jamm,1524937180039
"908,420,000",-21.369,jamm,1524937180059
"908,420,000",-18.457,jamm,1524937180059
"908,420,000",-19.322,jamm,1524937180059
"908,420,000",-21.708,jamm,1524937180059
"908,420,000",-20.524,jamm,1524937180341
"908,420,000",-12.721,jamm,1524937180341
"908,420,000",-19.176,jamm,1524937180341
"908,420,000",-12.79,jamm,1524937181039
"908,420,000",-16.401,jamm,1524937181039
"908,420,000",-19.084,jamm,1524937181039
"908,420,000",-22.383,jamm,1524937181039
"908,420,000",-17.763,jamm,1524937181039
"908,420,000",-16.421,jamm,1524937181059
"908,420,000",-22.118,jamm,1524937181059
"908,420,000",-9.806,jamm,1524937181059
"908,420,000",-21.569,jamm,1524937181059
"908,420,000",-20.894,jamm,1524937181341
"908,420,000",-17.55,jamm,1524937181341
"908,420,000",-22.151,jamm,1524937181341
"908,420,000",-13.413,jamm,1524937182039
"908,420,000",-21.61,jamm,1524937182039
"908,420,000",-16.574,jamm,1524937182039
"908,420,000",-15.812,jamm,1524937182039
"908,420,000",-16.198,jamm,1524937182059
"908,420,000",-10.735,jamm,1524937182059
"908,420,000",-14.431,jamm,1524937182059
"908,420,000",-19.882,jamm,1524937182059
"908,420,000",-21.564,jamm,1524937182341
"908,420,000",-19.069,jamm,1524937182341
"908,420,000",-19.881,jamm,1524937182341
"908,420,000",-21.951,jamm,1524937183039
"908,420,000",-21.849,jamm,1524937183039
"908,420,000",-21.899,jamm,1524937183039
"908,420,000",-19.839,jamm,1524937183059
"908,420,000",-20.016,jamm,1524937183059
"908,420,000",-14.683,jamm,1524937183341
"908,420,000",-14.148,jamm,1524937184039
"908,420,000",-20.016,jamm,1524937184039
"908,420,000",-12.302,jamm,1524937184039
"908,420,000",-12.691,jamm,1524937184039
"908,420,000",-19.744,jamm,1524937184059
"908,420,000",-21.58,jamm,1524937184059
"908,420,000",-19.618,jamm,1524937184059
"908,420,000",-16.344,jamm,1524937184059
"908,420,000",-22.431,jamm,1524937184341
"908,420,000",-17.907,jamm,1524937184341
"908,420,000",-12.723,jamm,1524937184341
"908,420,000",-21.729,jamm,1524937185039
"908,420,000",-10.843,jamm,1524937185039
"908,420,000",-15.783,jamm,1524937185039
"908,420,000",-15.757,jamm,1524937185059
"908,420,000",-17.827,jamm,1524937185059
"908,420,000",-15.783,jamm,1524937185059
"908,420,000",-19.506,jamm,1524937185341
"908,420,000",-13.146,jamm,1524937185341
"908,420,000",-12.501,jamm,1524937186039
"908,420,000",-18.833,jamm,1524937186039
"908,420,000",-17.432,jamm,1524937186059
"908,420,000",-21.592,jamm,1524937186059
"908,420,000",-18.817,jamm,1524937186341